Id,FirstName,LastName,Major,GradDate
1,Estel,Tincombe,Turquoise,12/11/2023
2,Cam,Crumley,Crimson,05/20/2024
3,Rhonda,Locock,Khaki,06/26/2022
4,Phil,Guiso,Yellow,01/30/2024
5,Ida,Sizland,Pink,09/13/2023
6,Dorris,Whybray,Blue,10/21/2023
7,Cynde,Mathet,Yellow,10/12/2023
8,Dillie,McKeeman,Blue,11/03/2023
9,Cyrillus,Abrahami,Red,10/04/2023
10,Kalila,Danilovic,Yellow,01/04/2025
11,Niccolo,Smitham,Red,03/06/2023
12,Yvon,Bayless,Khaki,02/20/2024
13,Catlin,Ebbin,Turquoise,05/03/2025
14,Kathye,Maidlow,Orange,01/27/2023
15,Sophey,Keigher,Orange,06/25/2023
16,Jarad,Tague,Green,04/20/2024
17,Kendal,Greenslade,Crimson,04/22/2023
18,Laurence,Dorken,Aquamarine,05/31/2023
19,Alonso,Pryde,Purple,12/07/2022
20,Jodi,Philpots,Green,07/15/2024
21,Christel,Ivashkov,Crimson,10/31/2023
22,Winona,Hardbattle,Pink,09/12/2023
23,Melesa,Ridesdale,Teal,07/13/2023
24,Del,Padwick,Puce,05/27/2023
25,Zena,Joberne,Turquoise,11/04/2024
26,Emelen,Tordoff,Purple,09/22/2022
27,Goldie,Petford,Khaki,06/30/2022
28,Lauraine,Struan,Teal,06/04/2024
29,Jacquelin,Capeloff,Maroon,01/16/2025
30,Cynthia,Fraine,Puce,04/24/2025
31,Almeria,O'Lagene,Purple,04/18/2024
32,Odelinda,Philippeaux,Pink,06/28/2024
33,Brande,Joney,Turquoise,02/01/2025
34,Ogdon,Quodling,Indigo,08/04/2024
35,Ted,Digle,Violet,02/19/2023
36,Terrence,Gorvette,Turquoise,12/11/2024
37,Mathilde,O'Shiel,Violet,06/25/2022
38,Korney,Sparling,Goldenrod,03/27/2024
39,Horton,Greenrodd,Fuscia,08/16/2023
40,Sauveur,Rodrigo,Indigo,06/27/2024
41,Leah,Exposito,Red,02/02/2023
42,Torry,Roisen,Indigo,06/20/2023
43,Bendix,Norquoy,Pink,02/17/2025
44,Blisse,Reilingen,Blue,03/23/2024
45,Barbey,Groundwator,Teal,05/24/2023
46,Evonne,Daen,Maroon,03/17/2024
47,Raleigh,Darnody,Goldenrod,08/18/2023
48,Alli,Venable,Maroon,04/05/2024
49,Tina,McCahey,Maroon,06/19/2023
50,Portie,Blaes,Yellow,08/27/2022
51,Paige,Giffard,Indigo,11/19/2024
52,Drusy,Barchrameev,Maroon,11/02/2022
53,Quincy,Hanvey,Crimson,11/17/2024
54,Karine,Chill,Pink,10/16/2024
55,Tim,Rama,Yellow,04/26/2024
56,Ward,Farnon,Khaki,01/02/2023
57,Kristos,Bough,Blue,02/27/2024
58,Slade,Benley,Goldenrod,07/02/2024
59,Aloisia,Rude,Yellow,05/09/2023
60,Booth,Charlson,Turquoise,10/02/2023
61,Rowe,Domange,Green,01/09/2025
62,Cacilia,Janicijevic,Turquoise,03/31/2024
63,Michele,Labitt,Maroon,05/16/2024
64,Addia,St Angel,Orange,06/06/2024
65,Avie,Malam,Violet,03/13/2023
66,Charles,Heustace,Maroon,07/29/2024
67,Patience,Kerss,Turquoise,04/27/2024
68,Dominik,Bocken,Purple,05/15/2023
69,Fabien,Annett,Goldenrod,12/31/2023
70,Eugen,Shervil,Mauv,10/21/2024
71,Harrie,Kepp,Yellow,02/09/2024
72,Nat,Hakking,Aquamarine,04/24/2025
73,Eyde,Hamal,Violet,05/04/2024
74,Haskel,Tonsley,Yellow,07/19/2023
75,Cordell,Howieson,Aquamarine,11/03/2022
76,Raffarty,Daber,Teal,06/09/2022
77,Lorettalorna,Bresson,Khaki,02/28/2025
78,Mufi,Nani,Yellow,03/17/2025
79,Skipp,Rampley,Indigo,09/30/2022
80,Pauletta,Ranvoise,Yellow,01/31/2023
81,Kati,Erwin,Puce,10/05/2024
82,Darda,Ivanishev,Indigo,11/27/2023
83,Jedediah,Ridgewell,Orange,03/13/2024
84,Miltie,Hugland,Blue,08/04/2023
85,Joya,Nassy,Khaki,07/25/2024
86,Odey,Scafe,Turquoise,03/14/2024
87,Amalle,Orrett,Purple,07/19/2023
88,Hewett,Rizzardini,Yellow,07/11/2024
89,Meghan,Lonergan,Teal,11/13/2022
90,Ermengarde,Caberas,Goldenrod,02/02/2024
91,Melina,Webley,Indigo,01/29/2023
92,Augustine,Parramore,Crimson,09/29/2024
93,Margo,January,Indigo,07/25/2022
94,Wells,MacKimm,Mauv,06/02/2023
95,Bradney,Mineghelli,Puce,07/20/2023
96,Georas,Seres,Mauv,09/08/2024
97,Gavrielle,Cordaroy,Puce,01/30/2024
98,Maureen,Caslett,Purple,08/26/2024
99,Alexandros,Bleibaum,Fuscia,11/11/2023
100,Kristien,Bollins,Red,07/12/2022
101,Hartwell,Burfitt,Blue,05/28/2023
102,Waite,Accombe,Puce,05/08/2024
103,Juliana,Faye,Goldenrod,05/20/2023
104,Auberon,Berrie,Orange,12/07/2024
105,Heall,Gerling,Red,02/17/2024
106,Tiffany,Croall,Purple,04/08/2024
107,Britteny,Goundrill,Teal,08/10/2024
108,Sid,Markovic,Indigo,07/20/2022
109,Gene,Killingback,Yellow,10/07/2022
110,Tades,Lippiett,Yellow,04/15/2023
111,Nonnah,Ubank,Red,09/18/2022
112,Siusan,Lampe,Goldenrod,12/08/2023
113,Cherish,Guiver,Crimson,01/30/2025
114,Norine,Blaiklock,Goldenrod,06/08/2022
115,Gilbert,Friend,Violet,10/25/2024
116,Leelah,McNeillie,Khaki,10/28/2023
117,Clair,Kivelle,Red,04/03/2025
118,Lonnie,Knee,Goldenrod,05/10/2025
119,Dionisio,Soloway,Maroon,12/28/2022
120,Eli,Yegoshin,Indigo,08/09/2022
121,Oona,Loweth,Aquamarine,11/01/2023
122,Lizzy,Tomalin,Violet,12/21/2022
123,Keary,Manifield,Red,07/27/2024
124,Marven,Briztman,Yellow,07/01/2022
125,Sigfrid,Avramovic,Puce,04/12/2023
126,Laetitia,Casaletto,Turquoise,01/26/2024
127,Daniela,Ten Broek,Mauv,03/31/2023
128,Tammi,Craig,Red,02/09/2024
129,Guilbert,Rathborne,Goldenrod,04/03/2025
130,Storm,Fisbburne,Orange,12/01/2024
131,Torre,Laxton,Aquamarine,06/28/2023
132,Onofredo,Pearcy,Puce,08/29/2022
133,Birgitta,McGlone,Fuscia,12/08/2022
134,Raff,Yelland,Turquoise,07/27/2022
135,Teddie,Rylatt,Fuscia,11/12/2022
136,Alaster,Canniffe,Crimson,01/13/2025
137,Debbie,Laurie,Crimson,08/18/2022
138,Leelah,Musker,Fuscia,03/21/2024
139,Zenia,Bernardino,Khaki,09/29/2022
140,Enrichetta,Lampett,Maroon,01/02/2024
141,Timothea,Clemits,Goldenrod,04/13/2023
142,Margalo,Storah,Khaki,04/20/2025
143,Wheeler,Jurca,Yellow,06/20/2024
144,Hayward,Aimer,Blue,07/24/2024
145,Alistair,Hyams,Green,02/18/2023
146,Katharyn,Domel,Indigo,05/16/2025
147,Otto,Busse,Pink,07/03/2022
148,Henderson,Pettis,Orange,07/02/2024
149,Colan,Minchinden,Indigo,01/21/2025
150,Bart,Espley,Crimson,02/04/2025
151,Christine,McGaffey,Crimson,03/17/2025
152,Queenie,Baelde,Indigo,07/12/2023
153,Jesse,Smitton,Fuscia,06/15/2023
154,Tracey,Schutze,Violet,06/12/2024
155,Sarine,Sussans,Crimson,10/27/2024
156,Austin,Tratton,Fuscia,04/17/2023
157,Legra,Spragg,Crimson,03/02/2025
158,Maryanne,Dowse,Mauv,01/23/2025
159,Aleece,Mattiussi,Violet,10/06/2023
160,Selene,Girkins,Blue,08/23/2024
161,Mark,Fuzzard,Aquamarine,01/31/2024
162,Letty,Mesant,Blue,03/28/2023
163,Ebonee,Mouatt,Puce,02/15/2024
164,Trista,Berkeley,Turquoise,10/16/2024
165,Milt,Pallis,Red,03/27/2023
166,Asa,Neesam,Indigo,10/25/2024
167,Orelie,Downes,Blue,02/04/2023
168,Annalee,Longbone,Maroon,12/17/2023
169,Teena,Kadd,Mauv,08/18/2022
170,Bunny,Parsley,Yellow,04/22/2024
171,Aprilette,Castella,Maroon,03/25/2023
172,Nilson,Kepp,Fuscia,11/08/2023
173,Donnajean,Goode,Khaki,09/26/2022
174,Raina,Thing,Goldenrod,06/20/2023
175,Spense,Gillings,Red,08/26/2024
176,Delmor,Bonallack,Green,05/29/2022
177,Nate,Rafe,Turquoise,02/01/2024
178,Stanfield,Castilla,Purple,04/19/2025
179,Arther,Slatcher,Puce,11/25/2023
180,Gifford,Breznovic,Maroon,11/10/2024
181,Leticia,Gostall,Violet,08/14/2024
182,Mona,Lempke,Goldenrod,01/12/2023
183,Rois,Jeays,Aquamarine,01/24/2024
184,Valentina,Minelli,Puce,12/20/2023
185,Bethany,Bleddon,Maroon,09/06/2024
186,Chancey,Nelsey,Blue,06/07/2022
187,Ingar,Speachley,Aquamarine,09/27/2024
188,Malva,L'Hommee,Teal,07/11/2024
189,Carine,Carless,Blue,01/25/2024
190,Alistair,Ostrich,Crimson,12/14/2023
191,Odele,Andryunin,Red,06/06/2022
192,Celine,Aspray,Teal,01/17/2025
193,Ransell,Frankom,Puce,04/24/2024
194,Fairlie,Willishire,Yellow,04/02/2025
195,Richmond,Reneke,Pink,07/19/2023
196,Florrie,Walasik,Khaki,01/10/2024
197,Eddy,Burthom,Goldenrod,11/15/2022
198,Carrissa,Brands,Green,08/26/2023
199,Donny,Dimbleby,Blue,04/15/2023
200,Leeann,Dew,Blue,03/18/2023
201,Tedmund,Blakeston,Pink,01/04/2023
202,Darrin,Wall,Aquamarine,10/20/2023
203,Alli,Plaister,Purple,06/28/2022
204,Andris,Quennell,Green,06/04/2022
205,Grayce,Walder,Indigo,08/26/2023
206,Alair,Honack,Maroon,06/03/2022
207,Arlyn,Doorey,Purple,06/30/2022
208,Lindsey,Avery,Aquamarine,03/28/2023
209,Brook,Rollason,Violet,02/29/2024
210,Katuscha,Pickworth,Goldenrod,11/02/2023
211,Ines,Vasilevich,Green,01/27/2023
212,Harlan,Zamorrano,Blue,10/27/2022
213,Ramsay,Corrington,Puce,05/21/2024
214,Bibi,Dabrowski,Fuscia,04/12/2023
215,Vinita,Stener,Maroon,11/17/2022
216,Norton,Ayllett,Turquoise,01/12/2023
217,Lorraine,Harcombe,Aquamarine,12/28/2024
218,Toddy,Jaeggi,Pink,06/10/2023
219,Cherilyn,Coster,Fuscia,06/19/2024
220,Brandtr,MacKinnon,Indigo,06/18/2023
221,Omero,Izkovitch,Goldenrod,08/05/2024
222,Claude,De Cruce,Teal,08/26/2022
223,Gamaliel,Caplan,Mauv,07/23/2023
224,Deeyn,Dymott,Puce,01/15/2024
225,Tremaine,Torpie,Blue,11/22/2023
226,Carina,Eastbury,Khaki,11/30/2024
227,Tish,Dafforne,Mauv,04/28/2025
228,Luisa,Arlott,Crimson,03/23/2024
229,Berte,Derisley,Indigo,08/06/2024
230,Glen,McLenaghan,Aquamarine,12/22/2022
231,Blayne,Leynagh,Fuscia,07/28/2023
232,Jeannie,Siret,Goldenrod,12/06/2023
233,Gae,Kos,Green,08/20/2022
234,Kathie,Atter,Khaki,03/04/2024
235,Robert,Ferrao,Green,07/01/2023
236,Parry,Adamovsky,Red,05/10/2024
237,Nicholas,Beachamp,Teal,03/06/2025
238,Robinetta,Welden,Purple,07/05/2024
239,Barnabas,Stud,Puce,10/23/2023
240,Gradey,Squibe,Crimson,03/29/2025
241,Tibold,Hansbury,Crimson,10/14/2023
242,Opal,Kane,Puce,01/27/2024
243,Miller,Dogerty,Violet,11/06/2024
244,Tadd,Lighton,Mauv,02/12/2024
245,Sandi,Antoniutti,Goldenrod,06/12/2022
246,Benton,Hardiman,Yellow,02/18/2024
247,Sonnie,Darkin,Blue,05/10/2023
248,Rafaelia,Delagua,Fuscia,04/10/2025
249,Aymer,Ashfold,Orange,01/21/2024
250,Linda,Baelde,Aquamarine,06/26/2022
251,Layne,Lievesley,Goldenrod,12/24/2024
252,Venus,Sullivan,Aquamarine,03/18/2023
253,Rochette,Southeran,Purple,05/25/2024
254,Guss,Crosdill,Orange,08/11/2022
255,Neale,Lindblom,Teal,09/29/2023
256,Danielle,Dainty,Maroon,07/14/2024
257,Moishe,Inge,Goldenrod,03/23/2024
258,Tonia,Eronie,Indigo,03/19/2025
259,Blakelee,Cobson,Purple,07/01/2023
260,Gusta,Agglione,Red,04/02/2024
261,Salomo,Paulazzi,Indigo,10/25/2022
262,Ethelred,Burris,Aquamarine,10/06/2022
263,Filmore,Lideard,Blue,02/17/2025
264,Waldon,Scolts,Turquoise,08/17/2023
265,Martina,Cicccitti,Maroon,04/06/2023
266,Goraud,Durrett,Aquamarine,09/01/2024
267,Ardelis,Muncer,Khaki,09/14/2024
268,Jeffrey,Marchello,Green,06/28/2022
269,Jessamyn,Lobell,Puce,08/15/2024
270,Randy,Bremeyer,Yellow,08/26/2024
271,Larissa,Writer,Puce,06/18/2022
272,Dniren,Poynor,Purple,01/28/2025
273,Karena,Heinemann,Pink,05/11/2023
274,Kipp,Leet,Pink,05/17/2022
275,Dun,Tickner,Teal,07/12/2023
276,Hetty,Ambrosini,Khaki,10/06/2022
277,Elva,Leversuch,Red,08/23/2022
278,Tonye,Tylor,Teal,05/27/2023
279,Gunar,Gartenfeld,Puce,12/19/2024
280,Ekaterina,Darton,Violet,10/25/2023
281,Flinn,Bridell,Teal,05/16/2023
282,Chet,Normanvell,Orange,01/01/2024
283,Yvor,Folonin,Maroon,09/14/2023
284,Carlie,Cawker,Yellow,01/05/2023
285,Andra,Lambswood,Orange,08/30/2023
286,Faustina,Hairyes,Mauv,03/17/2024
287,Elyse,Clarridge,Khaki,01/08/2025
288,Kirbee,Trase,Orange,10/04/2024
289,Titus,Jedrasik,Maroon,03/17/2024
290,Melosa,Mobley,Fuscia,02/03/2023
291,Erhart,Spalls,Maroon,07/24/2023
292,Bucky,Stammer,Turquoise,06/03/2023
293,Sandra,Whereat,Teal,09/18/2022
294,Silvano,Guidelli,Maroon,12/26/2024
295,Lorenzo,Bairnsfather,Goldenrod,12/13/2023
296,Jeff,Mackilpatrick,Turquoise,06/13/2023
297,Brendon,Chimenti,Crimson,09/14/2023
298,Karon,Rusk,Goldenrod,05/30/2022
299,Queenie,Cairney,Violet,01/06/2024
300,Tootsie,Cottam,Red,01/24/2025
301,Anabella,Pierce,Green,08/09/2022
302,Antonie,Sell,Red,05/13/2024
303,Jessalin,Geroldi,Teal,11/07/2023
304,Devin,Kingsley,Mauv,07/29/2023
305,Rudie,Frampton,Goldenrod,12/05/2023
306,Benedetto,Camies,Fuscia,11/04/2023
307,Biddie,Grece,Fuscia,08/30/2024
308,Floyd,Lawrence,Teal,06/26/2023
309,Rooney,Schutze,Crimson,06/30/2022
310,Genevra,Connechie,Violet,06/17/2023
311,Adlai,Mauger,Fuscia,11/15/2022
312,Babb,Snelgar,Yellow,12/04/2022
313,Tobias,Marconi,Orange,02/02/2024
314,Colly,Shipway,Yellow,06/18/2024
315,Alair,Duffie,Purple,09/01/2022
316,Imelda,Cominotti,Turquoise,08/12/2024
317,Michelle,Raund,Green,08/20/2023
318,Melodie,Frusher,Green,07/05/2023
319,Codi,Chidley,Violet,05/15/2024
320,Taddeo,Dobrowolski,Indigo,11/22/2022
321,Ida,Bridgwood,Goldenrod,01/01/2023
322,Riobard,Dauney,Yellow,02/10/2023
323,Burch,Waghorn,Mauv,04/24/2025
324,Chauncey,Dowglass,Green,03/24/2025
325,Chiquia,MacKibbon,Goldenrod,09/19/2022
326,Elora,Buney,Orange,04/26/2024
327,Theodora,Jacquet,Violet,01/21/2025
328,Ruy,Blacklawe,Turquoise,01/07/2024
329,Cthrine,Hairsnape,Crimson,03/25/2024
330,Menard,Dagless,Pink,08/16/2023
331,Elisabeth,Currm,Aquamarine,06/04/2022
332,Sandro,Cruce,Blue,07/08/2023
333,Brit,Pozzi,Pink,06/07/2022
334,Wadsworth,Stanway,Aquamarine,10/16/2023
335,Noell,Lessmare,Pink,01/09/2025
336,Jana,Levison,Purple,01/30/2025
337,Concordia,Tudball,Puce,10/18/2022
338,Allyn,Stannah,Violet,01/05/2024
339,King,Agget,Indigo,03/04/2024
340,Aubree,Braune,Green,11/24/2024
341,Roxie,Fawloe,Goldenrod,10/06/2022
342,Anya,Eagle,Turquoise,07/16/2024
343,Susannah,Pesak,Indigo,06/16/2022
344,Zeke,Wigley,Blue,05/03/2025
345,Theressa,Bruckenthal,Goldenrod,08/21/2023
346,Abagael,Sambles,Mauv,12/11/2024
347,Arin,Morpeth,Goldenrod,05/26/2022
348,Evan,Lermit,Turquoise,01/30/2024
349,Randa,Gaven,Maroon,05/21/2022
350,Geoffry,O' Clovan,Turquoise,01/03/2025
351,Luciana,Drowsfield,Indigo,09/28/2022
352,Cornie,Swigger,Blue,06/08/2022
353,Adler,Dy,Fuscia,07/07/2024
354,Amby,Cushe,Orange,12/08/2023
355,Averyl,Wotherspoon,Mauv,07/28/2024
356,Else,Swinglehurst,Aquamarine,01/21/2024
357,Rhoda,Ladell,Mauv,07/23/2024
358,Waite,Peirson,Maroon,03/14/2023
359,Vachel,Lugsdin,Indigo,05/02/2023
360,Marlin,Kohter,Maroon,05/19/2022
361,Mortimer,Walentynowicz,Pink,05/13/2025
362,Ludovico,Moberley,Green,09/07/2023
363,Janifer,Longhorne,Indigo,06/22/2024
364,Cortney,Wilcot,Crimson,08/05/2024
365,Caro,Skews,Purple,12/24/2023
366,Toiboid,Batkin,Blue,04/30/2025
367,Case,Breton,Green,03/22/2024
368,Millie,Penlington,Yellow,11/11/2023
369,Tiler,Langthorne,Fuscia,02/20/2023
370,Valeda,Longworthy,Orange,07/16/2022
371,Karim,Brummell,Aquamarine,04/06/2023
372,Cass,Whitmarsh,Pink,10/16/2023
373,Denys,Dupre,Pink,09/22/2022
374,Ramsey,Inggall,Teal,03/15/2024
375,Ava,Trussman,Goldenrod,07/13/2024
376,Jerrylee,Pilsworth,Red,11/27/2024
377,Herschel,Adrain,Indigo,06/02/2022
378,Fredericka,Nund,Maroon,03/10/2025
379,Morey,Dumbellow,Pink,05/17/2025
380,Griffin,Gresser,Maroon,05/28/2023
381,Fairfax,Yerson,Yellow,07/18/2024
382,Fifi,Minet,Violet,07/16/2022
383,Meredith,Hanbury-Brown,Indigo,03/05/2023
384,Rabbi,Labeuil,Crimson,11/20/2023
385,Minne,Field,Violet,01/17/2023
386,Gayelord,Ber,Goldenrod,10/27/2023
387,Leese,Pochon,Goldenrod,09/02/2023
388,Kym,Orbine,Fuscia,07/30/2024
389,Lindy,Semarke,Green,06/04/2023
390,Stanton,Callan,Purple,06/26/2022
391,Adolpho,Bischop,Fuscia,12/14/2023
392,Cleavland,Ebbers,Khaki,10/04/2023
393,Zedekiah,Brayshay,Khaki,10/31/2022
394,Scarlett,Law,Orange,03/19/2023
395,Percy,Lakey,Teal,11/28/2024
396,Timmi,Torns,Mauv,12/25/2024
397,Bard,Lapham,Indigo,10/02/2024
398,Lyon,Armor,Indigo,05/08/2023
399,Francesco,Shelford,Orange,09/07/2023
400,Gwen,Ganford,Puce,04/05/2023
401,Teressa,Pauel,Maroon,05/13/2024
402,Taber,McEvilly,Mauv,01/25/2024
403,Humberto,Handforth,Khaki,05/03/2023
404,Jami,Dominichelli,Green,05/02/2024
405,Mellie,Searby,Blue,07/27/2022
406,Felecia,Miettinen,Fuscia,08/30/2024
407,Robbyn,Gavaghan,Pink,01/02/2025
408,Jeanette,Friett,Pink,08/02/2022
409,Nikolos,MacGregor,Indigo,03/19/2025
410,Gussi,Yurasov,Goldenrod,02/08/2025
411,Prudence,Antonazzi,Goldenrod,09/01/2022
412,Frayda,Collimore,Red,06/04/2024
413,Domenic,Haly,Pink,03/31/2025
414,Vince,Waistell,Green,06/30/2024
415,Marylee,Mayger,Maroon,04/24/2025
416,Rudd,Flieg,Pink,02/10/2023
417,Elden,Locker,Aquamarine,01/11/2025
418,Emmery,Gronw,Orange,05/14/2023
419,Phyllis,Collopy,Goldenrod,08/07/2024
420,Ginni,Hagger,Crimson,03/12/2025
421,Ephrem,Reynoldson,Puce,08/01/2022
422,Tori,Nellen,Purple,12/23/2022
423,Axel,Whate,Fuscia,03/12/2024
424,Angelico,Harrington,Blue,05/16/2022
425,Toddy,Hampshire,Green,10/27/2023
426,Bonnie,Keinrat,Fuscia,02/29/2024
427,Aurthur,Risom,Red,02/06/2023
428,Jessika,Ottey,Aquamarine,04/22/2024
429,Verine,Stoakley,Red,01/10/2023
430,Mariel,Copo,Violet,04/08/2024
431,Omar,Madge,Puce,04/03/2023
432,Donovan,Rhead,Blue,04/23/2024
433,Madel,Heatlie,Red,01/13/2024
434,Ardys,Romer,Maroon,12/02/2024
435,Dave,Bompas,Pink,12/20/2022
436,Ludvig,Dominichelli,Turquoise,02/05/2023
437,Jeth,Switland,Green,02/24/2023
438,Rourke,Maharry,Teal,02/11/2024
439,Wain,Warburton,Red,05/05/2025
440,Blondelle,Boundey,Mauv,11/19/2022
441,Vidovic,O'Hearn,Mauv,01/17/2023
442,Wilhelm,Sergant,Teal,12/31/2024
443,Davie,Dullaghan,Red,02/24/2023
444,Clarine,Lagden,Green,10/17/2024
445,Corrine,Weinmann,Mauv,08/24/2023
446,Hurley,Shrieve,Purple,08/14/2022
447,Zachery,Fearnill,Goldenrod,11/30/2024
448,Flss,McGiveen,Puce,02/08/2024
449,Constanta,Pesik,Crimson,03/29/2023
450,Jenilee,Corragan,Pink,05/31/2023
451,Aluino,Delgaty,Fuscia,09/26/2023
452,Blaire,Piesold,Orange,09/24/2024
453,Glen,MacTurlough,Maroon,08/15/2022
454,Paulie,Brummell,Fuscia,01/18/2024
455,Salvidor,Cogger,Teal,01/21/2025
456,Lauri,Gonsalvez,Crimson,02/10/2024
457,Alexis,Glayzer,Pink,02/23/2025
458,Wallie,Michin,Aquamarine,11/30/2022
459,Morton,Crampin,Violet,07/03/2024
460,Fenelia,Meriott,Maroon,02/19/2025
461,Stanislaus,Battisson,Pink,06/23/2023
462,Aguie,Hirjak,Red,04/23/2023
463,Abel,Hearnshaw,Mauv,08/11/2022
464,Cammy,Rosenfeld,Red,07/25/2022
465,Asher,Charkham,Orange,05/07/2025
466,Melanie,Laughren,Puce,06/19/2024
467,Barrie,Antoniottii,Violet,02/10/2023
468,Maire,Martinie,Maroon,02/11/2024
469,Lilia,Ioselev,Puce,01/07/2024
470,Willdon,Lofts,Turquoise,07/18/2022
471,Kalvin,Whieldon,Maroon,02/24/2024
472,Susanne,Sherbrook,Maroon,01/21/2025
473,Wayland,Garmey,Fuscia,08/06/2023
474,Sauveur,Dachs,Violet,01/09/2025
475,Blaine,Sharnock,Puce,12/16/2022
476,Calhoun,Clear,Khaki,12/08/2024
477,Tracy,MacFarlan,Crimson,04/03/2023
478,Allegra,Wraxall,Indigo,11/14/2023
479,Ardyth,Farney,Crimson,06/07/2022
480,Eilis,Van der Mark,Turquoise,06/28/2023
481,Roi,Reidshaw,Green,02/05/2025
482,Georgi,Szantho,Purple,04/05/2025
483,Lester,McKern,Yellow,04/24/2023
484,Gretta,Craydon,Yellow,06/20/2023
485,Aleda,Drydale,Blue,02/12/2023
486,Katheryn,Hitzmann,Mauv,08/17/2024
487,Adrienne,Mealham,Purple,01/09/2024
488,Leupold,Oiller,Pink,10/06/2024
489,Fenelia,Denys,Yellow,10/08/2023
490,Friederike,Van den Velde,Yellow,07/19/2023
491,Nikolaos,McMylor,Puce,06/26/2022
492,Belia,Dilawey,Crimson,09/05/2022
493,Margo,Matskiv,Indigo,07/03/2022
494,Roanna,Hucklesby,Purple,06/01/2022
495,Elladine,Ferrieres,Purple,01/24/2025
496,Reina,Cushion,Blue,02/17/2024
497,Edith,Raddish,Teal,06/23/2023
498,Darryl,Sighard,Mauv,05/19/2024
499,Norah,Peasgood,Maroon,05/03/2023
500,Gustav,Maevela,Crimson,08/01/2024
501,Cristin,Dedham,Maroon,04/08/2025
502,Helli,Souten,Yellow,04/15/2023
503,Donnie,Spikeings,Indigo,12/09/2023
504,Ericka,Brunelli,Purple,10/09/2024
505,Killie,Towndrow,Indigo,10/30/2023
506,Amara,Kingdom,Yellow,02/20/2024
507,Henrik,Roadnight,Mauv,12/24/2023
508,Claudell,Vallery,Blue,06/18/2022
509,Deva,Nesbeth,Puce,03/03/2025
510,Ninnette,Danson,Crimson,08/06/2023
511,Wes,Scimoni,Indigo,11/03/2022
512,Luz,Zavittieri,Aquamarine,10/21/2024
513,Lyndel,Moxon,Crimson,01/20/2025
514,Kerrill,Wedlock,Orange,11/11/2024
515,Ulrike,Coultar,Mauv,10/04/2024
516,Leeanne,Hurrion,Fuscia,04/15/2025
517,Garret,Morsley,Fuscia,05/17/2024
518,Codi,Ryland,Goldenrod,10/10/2023
519,Woody,Adds,Indigo,02/29/2024
520,Kyla,Roubottom,Yellow,10/19/2022
521,Cody,Bolesworth,Puce,07/22/2023
522,Caty,O'Grada,Blue,10/30/2024
523,Cesya,Tunney,Maroon,11/01/2023
524,Devin,Becconsall,Blue,02/07/2025
525,Wilbur,Dunston,Goldenrod,05/09/2024
526,Seamus,Lengthorn,Fuscia,09/18/2024
527,Cy,Boyack,Blue,12/16/2024
528,Giorgio,Beggio,Green,04/23/2023
529,Evelyn,Hovel,Crimson,08/11/2023
530,Leisha,Learie,Turquoise,05/09/2025
531,Mufi,Hourstan,Maroon,01/30/2024
532,Zsa zsa,Beranek,Red,11/14/2024
533,Debra,Towne,Turquoise,05/22/2023
534,Anselma,Inkin,Maroon,02/01/2023
535,Bendicty,Presnall,Orange,12/28/2022
536,Javier,Minto,Aquamarine,08/13/2024
537,Nat,Jan,Orange,04/16/2024
538,Jacklin,Harmer,Violet,06/09/2022
539,Ansley,Hirtzmann,Mauv,01/19/2023
540,Stesha,Feldbrin,Goldenrod,03/15/2023
541,Tine,Farrah,Blue,04/04/2023
542,Tuesday,Sapir,Blue,06/05/2022
543,Susannah,Cowing,Khaki,10/29/2023
544,Matthiew,Durtnall,Blue,10/17/2023
545,Constancy,Mantrup,Teal,01/29/2023
546,Sondra,Dorant,Maroon,12/03/2024
547,Rea,Doward,Aquamarine,03/12/2023
548,Andriette,Scougall,Green,12/28/2023
549,Ysabel,Satford,Blue,07/24/2023
550,Pennie,Petrecz,Violet,12/25/2024
551,Tootsie,Lehrian,Indigo,11/09/2022
552,Raimondo,Stillert,Mauv,03/05/2024
553,Colette,Lomansey,Aquamarine,01/02/2024
554,Willamina,Fenelon,Pink,04/01/2024
555,Beatriz,Boynton,Crimson,05/12/2024
556,Jamima,Caston,Green,01/12/2025
557,Flossy,Benne,Indigo,04/05/2025
558,Aura,De Brett,Teal,05/01/2023
559,Timi,Daffey,Yellow,02/26/2023
560,Tyler,Andriesse,Turquoise,10/21/2023
561,Nolly,Snodin,Yellow,08/13/2024
562,Lelia,Neame,Green,01/03/2025
563,Breena,Quesne,Green,06/25/2022
564,Chrisy,Simnell,Teal,11/03/2024
565,Edita,Abramowitch,Pink,12/18/2023
566,Alecia,Bolus,Violet,07/15/2022
567,Robbyn,Polkinghorne,Maroon,10/21/2024
568,Web,Ramet,Yellow,09/01/2024
569,Emmerich,Pearne,Puce,09/05/2024
570,Kalle,Roglieri,Purple,05/08/2023
571,Milli,Phuprate,Blue,01/08/2023
572,Jeane,Dinis,Green,06/18/2022
573,Horatio,Hirschmann,Turquoise,07/19/2022
574,Duncan,Levane,Yellow,01/01/2023
575,Kathrine,Blockley,Maroon,10/10/2022
576,Giacobo,Nissle,Yellow,09/21/2024
577,Margery,Wyllie,Turquoise,09/20/2024
578,Gilburt,Raffles,Khaki,10/04/2023
579,Josey,Hurtado,Yellow,04/21/2023
580,Rosalinda,Gosby,Blue,01/17/2024
581,Louie,Hourihane,Indigo,09/30/2024
582,Bendix,Croxton,Purple,07/20/2023
583,Tull,Attenbrow,Maroon,02/01/2025
584,Eldredge,Plumstead,Teal,06/05/2023
585,Arabel,Flamank,Blue,03/21/2023
586,Marquita,Rosenbarg,Purple,07/29/2023
587,Farrand,Grishenkov,Green,12/07/2023
588,Jaime,Redish,Green,01/12/2024
589,Claudia,Suthworth,Teal,11/17/2023
590,Erasmus,Sesser,Indigo,12/03/2022
591,Oliy,Adamczewski,Yellow,04/02/2025
592,Alexandre,Butler,Purple,01/12/2024
593,Reggy,Giacobilio,Turquoise,07/19/2024
594,Jamey,Aspey,Red,05/11/2023
595,Colver,Trudgeon,Aquamarine,06/14/2024
596,Roi,Brayfield,Purple,02/18/2024
597,Arvy,Massen,Blue,12/10/2024
598,Hamilton,Stollenbecker,Aquamarine,09/22/2023
599,Silvie,Dyke,Red,11/07/2023
600,Brittan,Strettle,Orange,08/05/2024
601,Maryjo,Lebreton,Purple,10/13/2024
602,Brittne,Kellen,Goldenrod,06/04/2024
603,Beverlee,Sandlin,Mauv,10/20/2022
604,Adela,Lattimer,Mauv,02/08/2025
605,Jarid,Goschalk,Violet,03/11/2025
606,Kylila,Howton,Khaki,04/25/2025
607,Brigida,Spinetti,Pink,03/16/2024
608,Morna,Yushkov,Maroon,07/11/2023
609,Diane-marie,Brittin,Aquamarine,07/26/2024
610,Willow,Paulucci,Violet,11/11/2022
611,Elsworth,Waliszek,Teal,06/22/2024
612,Cary,Cruddace,Indigo,10/26/2023
613,Tabb,Brocks,Aquamarine,11/06/2024
614,Renie,Eldin,Crimson,08/11/2022
615,Bayard,O'Heagertie,Crimson,11/13/2022
616,Ber,Cristol,Mauv,07/17/2024
617,Layla,Evesque,Red,07/31/2023
618,Cristen,Stuck,Green,12/14/2023
619,Tremayne,Howen,Maroon,10/04/2023
620,Minette,Tuftin,Violet,04/14/2025
621,Sena,Brazenor,Teal,01/11/2025
622,Egan,Bosden,Goldenrod,06/17/2023
623,Rozelle,Tejero,Khaki,03/14/2023
624,Traver,Andor,Goldenrod,08/30/2024
625,Raeann,Osgordby,Fuscia,05/04/2023
626,Brook,Alexsandrov,Puce,12/03/2024
627,Fayette,Hethron,Yellow,12/10/2023
628,Pearle,Adam,Goldenrod,12/04/2023
629,Dacie,Hanes,Violet,07/19/2023
630,Clementina,Loade,Mauv,09/18/2024
631,Nickolaus,Culham,Maroon,09/14/2022
632,Arnuad,Girsch,Red,10/23/2024
633,Gwendolyn,Jouhandeau,Red,03/13/2025
634,Sanders,Bullin,Teal,11/26/2022
635,Bondie,Salvidge,Green,05/23/2023
636,Sim,Copes,Crimson,04/19/2025
637,Carmella,Sperring,Pink,12/30/2023
638,Putnem,Gras,Red,01/21/2023
639,Bella,Minister,Purple,02/22/2023
640,Nedda,Talks,Yellow,11/24/2023
641,Miltie,Rackam,Goldenrod,10/14/2022
642,Rolland,Lugsdin,Blue,06/15/2024
643,Kassi,Drummer,Purple,09/27/2022
644,Kissie,Frears,Yellow,04/15/2025
645,Hershel,Spurret,Fuscia,03/29/2023
646,Enid,Janowicz,Mauv,09/09/2022
647,Pepita,Cregg,Violet,06/07/2024
648,Venita,Cramond,Indigo,06/13/2024
649,Emelina,O'Meara,Yellow,12/09/2023
650,Gregor,Assante,Puce,11/07/2024
651,Bobby,Vasilevich,Turquoise,05/24/2023
652,Denise,Dyne,Violet,02/20/2024
653,Dorella,Bottelstone,Orange,12/21/2023
654,Ker,Klausen,Crimson,02/20/2023
655,Tedmund,Buttler,Yellow,01/14/2025
656,Allix,Neward,Orange,05/03/2023
657,Maurise,Purveys,Blue,04/23/2023
658,Gayle,Hebblewhite,Aquamarine,06/07/2023
659,Sayre,Paxforde,Blue,08/06/2022
660,Mahala,Harborow,Red,01/11/2023
661,Jennifer,Atwell,Red,05/09/2025
662,Trina,Flegg,Yellow,03/05/2025
663,Bil,Brightie,Turquoise,09/25/2022
664,Randi,Bontein,Crimson,08/23/2023
665,Trumaine,Rimell,Goldenrod,08/11/2023
666,Ariel,Vasyaev,Turquoise,04/10/2024
667,Zita,Lewsy,Maroon,07/19/2024
668,Callean,Branni,Teal,05/14/2023
669,Cordy,Sachno,Blue,09/18/2024
670,Sonnie,Paulley,Turquoise,05/16/2024
671,Aile,Whitland,Violet,02/22/2023
672,Yolande,De Bruyne,Purple,03/11/2025
673,Ernie,Absolon,Khaki,05/24/2022
674,Petr,Grund,Orange,08/02/2022
675,Elana,Canada,Green,01/27/2024
676,Brad,Westfield,Pink,08/24/2022
677,Jarrad,Shackell,Violet,09/28/2024
678,Perrine,Soughton,Khaki,02/09/2023
679,Marna,Gorman,Maroon,05/07/2024
680,Morry,Greenhall,Green,11/04/2024
681,Buck,Gingles,Puce,01/02/2024
682,Lily,Alexandersen,Yellow,10/26/2023
683,Fabe,Ogley,Turquoise,10/23/2022
684,Vernon,McCague,Pink,11/03/2022
685,Sharla,Meeke,Fuscia,04/23/2024
686,Thomasina,O'Sullivan,Turquoise,11/16/2023
687,Gertie,Bliven,Maroon,07/13/2022
688,Bennett,Philbin,Goldenrod,11/05/2023
689,Corrina,Lathan,Mauv,09/22/2023
690,Nessie,Wewell,Goldenrod,12/26/2024
691,Robby,Rubi,Crimson,08/25/2024
692,Janenna,Horsley,Goldenrod,10/26/2023
693,Aeriel,Lusgdin,Orange,03/27/2023
694,Merissa,Karmel,Blue,12/16/2022
695,Derrek,Clawson,Violet,11/02/2022
696,Mattie,Auden,Khaki,05/01/2023
697,Antonella,Garriock,Puce,09/13/2023
698,Ambrose,Osgerby,Mauv,08/10/2023
699,Eleanor,Gosnay,Red,01/07/2025
700,Loren,Tease,Teal,10/02/2024
701,Maddi,Stenton,Blue,01/26/2023
702,Dirk,Densie,Pink,06/26/2022
703,Liesa,Giovannilli,Crimson,02/05/2023
704,Aleece,Lochrie,Crimson,01/13/2024
705,Fredra,Faragher,Indigo,12/11/2022
706,Moria,Caselli,Teal,03/24/2023
707,Ichabod,McGruar,Goldenrod,11/06/2024
708,Adoree,Tompkiss,Red,01/13/2023
709,Cecily,Lawson,Mauv,12/18/2024
710,Alina,Phillimore,Maroon,12/10/2022
711,Bab,Ecclesall,Turquoise,09/19/2023
712,Almira,Ferrone,Teal,02/23/2025
713,Simonette,Earry,Turquoise,01/25/2023
714,Lyon,Grigoire,Red,04/14/2023
715,Neilla,Gorvette,Yellow,09/13/2022
716,Boot,Norquoy,Yellow,06/30/2024
717,Portia,Beebe,Khaki,08/07/2023
718,Lita,McArtan,Turquoise,10/14/2024
719,Jedd,Calafato,Aquamarine,06/16/2024
720,Barbabas,Betton,Crimson,10/16/2023
721,Tersina,O'Shevlin,Mauv,08/28/2022
722,Hurley,Ritter,Green,01/10/2025
723,Max,Whittle,Violet,06/24/2022
724,Ralph,Burgott,Goldenrod,11/21/2023
725,Jess,Sudy,Crimson,06/27/2024
726,Jacquenetta,Kobierzycki,Orange,12/16/2024
727,Ketti,Iamittii,Blue,06/16/2023
728,Rubia,Northcliffe,Puce,12/23/2023
729,Ginger,Choppen,Crimson,03/11/2024
730,Kassia,Getley,Teal,12/24/2024
731,Celestyn,Sebley,Green,10/30/2024
732,Reena,Hargrove,Orange,04/01/2024
733,Glenna,Ramshay,Crimson,02/07/2024
734,Katti,Hitscher,Orange,11/09/2023
735,Karalee,Mabon,Teal,12/16/2023
736,Hildagarde,Sewards,Orange,01/19/2024
737,Hatty,Petken,Blue,01/23/2023
738,Roderick,Gally,Teal,01/27/2025
739,Garfield,Laguerre,Aquamarine,08/18/2023
740,Morgen,Crone,Khaki,08/08/2024
741,Saree,Hawton,Mauv,05/17/2024
742,Kathie,Cornthwaite,Purple,07/01/2023
743,Eadmund,Yesenev,Crimson,05/16/2024
744,Arri,China,Crimson,05/26/2022
745,Kira,Blackesland,Yellow,09/01/2022
746,Cheryl,Holdron,Violet,08/12/2022
747,Anjela,Barok,Puce,12/06/2024
748,Woodman,Jordison,Maroon,10/27/2023
749,Jerrie,Dowty,Maroon,09/16/2022
750,Siouxie,Downton,Violet,09/01/2024
751,Blinny,Waren,Goldenrod,03/01/2025
752,Cord,Loeber,Crimson,01/27/2024
753,Doralynn,Leimster,Purple,03/17/2023
754,Janelle,Jakubovits,Khaki,05/13/2023
755,Calley,Sherewood,Khaki,07/12/2023
756,Malynda,Stoven,Aquamarine,04/03/2024
757,Darcy,Boichat,Pink,04/30/2025
758,Roda,Abbets,Yellow,08/16/2023
759,Glenn,Cogzell,Turquoise,04/08/2024
760,Hewitt,Marczyk,Green,11/03/2023
761,Bess,Wagge,Teal,05/02/2025
762,Lianna,Hoffmann,Orange,02/05/2024
763,Augustina,Bromby,Yellow,05/03/2025
764,Gwyneth,Heineking,Teal,01/22/2024
765,Borden,Di Dello,Violet,10/23/2023
766,Nanny,Bowden,Aquamarine,08/30/2022
767,Husain,Marusyak,Pink,03/28/2025
768,Berky,Leyton,Green,11/03/2024
769,Reider,Fautly,Indigo,10/30/2024
770,Niven,Evers,Purple,03/09/2025
771,Cindi,Bendix,Crimson,07/03/2023
772,Lucretia,Stegers,Blue,06/27/2022
773,Justinian,McCarry,Yellow,05/26/2024
774,Timofei,Mouget,Orange,01/21/2023
775,Ethelda,Tremmil,Fuscia,10/28/2023
776,Hali,Zeal,Blue,02/29/2024
777,Kelwin,Stean,Fuscia,12/26/2022
778,Shayne,Georgot,Indigo,05/13/2023
779,Arlee,Anstiss,Fuscia,09/06/2023
780,Harman,Dunklee,Teal,07/14/2022
781,Edita,O'Heneghan,Red,08/15/2022
782,Cristina,Meneely,Mauv,05/02/2024
783,Hewet,Mulvaney,Goldenrod,07/03/2022
784,Dyanna,Vanstone,Maroon,07/11/2022
785,Stafani,Hattoe,Orange,09/03/2024
786,Ignacius,Aspray,Khaki,06/05/2024
787,Tiebold,Zanni,Turquoise,10/11/2022
788,Findley,Ollivier,Crimson,12/08/2023
789,Gar,McInnes,Violet,06/06/2024
790,Yank,Shanley,Violet,11/12/2022
791,Jackquelin,Danilchik,Puce,12/24/2023
792,Fowler,Helwig,Goldenrod,12/26/2023
793,Ignaz,Moxom,Turquoise,04/18/2024
794,Nancy,Butterworth,Crimson,10/15/2023
795,Brittani,Janik,Indigo,06/14/2022
796,Lynda,Goomes,Mauv,03/08/2025
797,Zorine,O'Looney,Crimson,03/06/2024
798,Jillane,Rachuig,Violet,09/02/2023
799,Wynne,Grewcock,Teal,10/06/2022
800,Nealon,Keyson,Blue,11/07/2022
801,Alanah,Moulsdall,Red,01/06/2024
802,Nico,Whetton,Violet,07/17/2024
803,Mohandis,Haken,Yellow,01/08/2024
804,Seth,Bertram,Teal,04/24/2023
805,Christan,Gregore,Purple,07/31/2024
806,Dona,Ferrarone,Yellow,05/18/2022
807,Jan,Comer,Khaki,05/23/2023
808,Christabel,Robinson,Green,01/20/2025
809,Giuditta,Larkins,Yellow,05/19/2023
810,Clo,Allison,Teal,04/26/2024
811,Janey,Thew,Yellow,07/15/2022
812,Harriot,Edmonson,Goldenrod,01/26/2023
813,Joeann,Wisdom,Aquamarine,03/12/2024
814,Jacky,MacFarlane,Red,05/22/2024
815,Hobart,MacIntyre,Puce,06/28/2024
816,Onida,Kluss,Pink,07/05/2024
817,Lambert,Hyett,Puce,08/15/2023
818,Antonietta,Gravenell,Green,11/26/2023
819,Simona,Hanscom,Goldenrod,03/20/2024
820,Anica,Kees,Purple,12/12/2023
821,Allie,Merryweather,Mauv,06/04/2024
822,Orville,Flecknoe,Turquoise,09/10/2023
823,Kala,Vanini,Mauv,03/07/2024
824,Rosemarie,Freak,Mauv,04/30/2024
825,Lowrance,Poat,Fuscia,01/26/2024
826,Layne,Straughan,Aquamarine,02/21/2023
827,Rozele,Tonry,Aquamarine,04/28/2024
828,Peterus,Skitterel,Orange,08/07/2023
829,Meade,Tanton,Pink,05/01/2024
830,Johannah,Kalkofer,Orange,12/07/2022
831,Sorcha,Pepi,Maroon,01/25/2024
832,Gibby,Brunesco,Purple,11/27/2022
833,Barrie,Charrington,Blue,12/18/2024
834,Raffarty,Simmen,Orange,05/06/2024
835,Juana,Tydeman,Goldenrod,07/27/2022
836,Amble,Keyme,Teal,05/15/2025
837,Sibeal,Caen,Violet,10/28/2022
838,Nev,Espie,Yellow,12/20/2022
839,Falkner,Sargint,Teal,11/01/2022
840,Ossie,Dyshart,Yellow,04/30/2023
841,Val,Currall,Aquamarine,08/28/2023
842,Rachelle,Naerup,Turquoise,08/30/2024
843,Evan,Sprowell,Purple,08/09/2022
844,Trescha,Crichten,Turquoise,11/23/2024
845,Guthrey,De Cruce,Khaki,05/24/2024
846,Consuelo,Emburey,Yellow,08/31/2023
847,Brander,O' Faherty,Maroon,11/25/2024
848,Chrissie,Cressy,Blue,06/10/2022
849,Skylar,Liepins,Red,04/06/2023
850,Hermie,Trayte,Pink,07/16/2022
851,Laetitia,Brocks,Crimson,09/18/2024
852,Miller,Becerra,Fuscia,11/14/2023
853,Margarette,Borzone,Puce,09/04/2024
854,Ailbert,Bergin,Maroon,12/17/2023
855,Orelle,Field,Violet,05/02/2025
856,Melania,Moodey,Aquamarine,02/04/2023
857,Justinn,Selbie,Aquamarine,07/06/2022
858,Deva,Provis,Purple,07/05/2023
859,Helene,Blue,Turquoise,06/24/2023
860,Ginnie,Aleksich,Green,11/23/2024
861,Becki,Hartgill,Puce,06/18/2024
862,Che,Reglar,Teal,02/24/2024
863,Amity,Kubyszek,Purple,01/07/2023
864,Garret,Henriet,Khaki,02/09/2025
865,Olvan,Trengove,Goldenrod,03/19/2023
866,Herculie,Jereatt,Aquamarine,10/23/2023
867,Shirley,MacDonogh,Purple,05/11/2023
868,Rudy,Janosevic,Crimson,09/26/2024
869,Saunders,McCourt,Violet,03/22/2025
870,Deb,Falkner,Yellow,03/09/2025
871,Justus,McGenis,Maroon,02/06/2023
872,Atlanta,Balnave,Mauv,02/22/2024
873,Montgomery,Holah,Khaki,12/12/2024
874,Abner,Aldham,Puce,01/05/2023
875,Adamo,Kubista,Teal,02/20/2025
876,Martguerita,Kealey,Puce,06/05/2024
877,Adeline,Sherrington,Mauv,05/22/2023
878,Sheelagh,Hegge,Purple,10/01/2024
879,Cobb,Butting,Maroon,04/21/2023
880,Adolphus,Cambridge,Maroon,08/18/2024
881,Aloin,Gerrill,Blue,08/03/2022
882,Nathanael,Bandey,Fuscia,01/10/2023
883,Fionna,Darke,Turquoise,06/11/2024
884,Davina,Dobsons,Fuscia,12/25/2023
885,Dionne,Abramovitch,Yellow,07/09/2024
886,Evyn,Farnorth,Orange,06/25/2023
887,Monroe,Gemmell,Orange,06/11/2022
888,Sada,Arrowsmith,Violet,06/10/2024
889,Inger,Crowcher,Turquoise,06/22/2023
890,Tabby,Bowne,Orange,12/02/2023
891,Benny,Harkess,Khaki,09/01/2024
892,Naoma,Rubinovitsch,Violet,07/21/2023
893,Denny,Fruser,Teal,06/23/2024
894,Radcliffe,Amburgy,Mauv,05/25/2023
895,Gaynor,Birrane,Pink,01/15/2025
896,Carline,Warlowe,Fuscia,09/16/2022
897,Maisie,Medway,Crimson,07/04/2024
898,Doralyn,Palleske,Turquoise,04/22/2024
899,Fletch,Featenby,Blue,03/15/2023
900,Lida,Byars,Violet,05/02/2024
901,Genni,O'Cooney,Blue,11/24/2023
902,Chaddy,Tosdevin,Fuscia,02/27/2025
903,Chadwick,Holley,Turquoise,03/02/2025
904,Appolonia,Acum,Purple,06/28/2024
905,June,Blakebrough,Pink,10/29/2024
906,Dori,Marran,Goldenrod,05/16/2023
907,Timoteo,Rathbourne,Red,02/07/2024
908,Dalenna,Brunton,Turquoise,11/09/2022
909,Karrie,Bruyett,Green,03/27/2025
910,Domingo,Shaddock,Blue,12/20/2024
911,Rivalee,Quirke,Indigo,05/31/2022
912,Nevsa,Coopman,Green,02/15/2024
913,Andonis,Forrest,Goldenrod,06/11/2024
914,Smitty,Dearlove,Crimson,12/07/2024
915,Shelagh,Bergeau,Maroon,01/02/2023
916,Gerty,Blazejewski,Turquoise,04/23/2024
917,Cesare,Kinghorne,Green,12/30/2024
918,Mathilde,Andrus,Khaki,09/12/2023
919,Eal,McGilben,Puce,12/09/2023
920,Doralia,Ferguson,Violet,04/27/2024
921,Riobard,Reisenberg,Green,04/16/2025
922,Ewen,Costellow,Maroon,11/13/2022
923,Carlynn,Baldini,Fuscia,09/18/2024
924,Justus,Cowpertwait,Maroon,11/01/2023
925,Erica,Sellan,Purple,08/15/2023
926,Inge,Tift,Khaki,12/28/2024
927,Klara,O'Lagen,Mauv,05/23/2022
928,Ardith,Flamank,Fuscia,09/18/2022
929,Walsh,McLukie,Pink,02/08/2023
930,Quinton,Coate,Violet,04/23/2025
931,Melvyn,Trusler,Fuscia,01/20/2023
932,Easter,Coda,Violet,07/20/2023
933,Don,Caton,Khaki,08/16/2023
934,Cleopatra,Tubbs,Purple,08/12/2024
935,Gabrila,Edelston,Green,07/15/2022
936,Nicolis,Decort,Green,11/16/2024
937,Nicki,Walkden,Indigo,05/17/2022
938,Trina,Grimsley,Khaki,05/29/2022
939,Emilee,Ingle,Maroon,05/13/2025
940,Iver,Wayper,Turquoise,05/19/2022
941,Tootsie,Gerrans,Maroon,05/18/2022
942,Boyd,Caltera,Maroon,09/24/2023
943,Moishe,Frood,Aquamarine,07/10/2023
944,Bren,Volker,Blue,08/03/2022
945,Dory,Crewes,Pink,05/08/2023
946,Abigael,O'Corr,Pink,04/28/2025
947,Katie,Frisel,Khaki,12/12/2024
948,Annecorinne,Lufkin,Red,01/05/2025
949,Harri,Lushey,Red,09/08/2024
950,Gabriella,Jezzard,Puce,10/17/2024
951,Rene,Moores,Orange,08/05/2024
952,Delmore,Dericot,Violet,05/23/2023
953,Doria,Blick,Maroon,12/06/2023
954,Pat,Leonarde,Goldenrod,11/23/2024
955,Jeri,Ruskin,Goldenrod,12/17/2022
956,Rufe,Whiteway,Red,07/29/2024
957,Addie,Argabrite,Yellow,11/09/2024
958,Lucky,Whittleton,Teal,10/17/2023
959,Flossy,Lorans,Aquamarine,02/17/2024
960,Pietrek,Ogdahl,Purple,10/22/2023
961,Adriena,Ramalho,Goldenrod,12/05/2024
962,Wilbur,Waddie,Khaki,01/21/2023
963,Analise,Samsin,Crimson,07/28/2023
964,Tracie,Moakson,Turquoise,10/04/2023
965,Immanuel,Asaaf,Violet,10/25/2024
966,Arel,Dagworthy,Violet,05/11/2024
967,Gabbie,Molines,Teal,08/06/2022
968,Ninnetta,Halle,Red,03/05/2023
969,Annis,Davis,Teal,02/09/2023
970,Thalia,Louche,Puce,06/08/2024
971,Sileas,Broxton,Mauv,08/27/2024
972,Demetrius,Pullan,Khaki,12/18/2024
973,Johannes,Talton,Turquoise,11/30/2023
974,Billie,Saw,Indigo,06/20/2022
975,Liza,Iliffe,Orange,06/21/2023
976,Cally,Ottawell,Violet,03/01/2024
977,Else,Summerfield,Aquamarine,08/13/2024
978,Wald,Luberti,Green,11/02/2023
979,Madeleine,Domesday,Goldenrod,05/07/2025
980,Arabelle,Banfield,Goldenrod,03/25/2024
981,Adrienne,Gardiner,Green,07/15/2023
982,Hilary,Enos,Puce,12/03/2022
983,Jobyna,Moxson,Fuscia,07/17/2023
984,Inge,McKleod,Puce,10/18/2024
985,Cal,Clowes,Green,11/12/2022
986,Jackie,Farrow,Puce,08/07/2022
987,Giovanna,Lydford,Yellow,07/15/2024
988,Alma,Capp,Crimson,06/21/2023
989,Mariette,Arlow,Violet,12/29/2024
990,Deborah,Longhorne,Crimson,11/28/2024
991,Barry,Stebbings,Teal,06/16/2023
992,Ellary,Levane,Khaki,11/26/2024
993,Erda,Binnion,Pink,07/09/2022
994,Gun,Faill,Turquoise,06/26/2022
995,Jilleen,Izakof,Mauv,08/14/2024
996,Jade,Tipler,Purple,05/24/2023
997,Ambrosi,Ackred,Aquamarine,08/23/2024
998,Fabe,O'Mara,Green,07/23/2023
999,Salomo,Gammack,Pink,05/14/2023
1000,Quent,Tinston,Goldenrod,01/29/2025
