id,FirstName,LastName,Major,GradDate
1,Estel,Tincombe,Turquoise,12/11/2023
2,Cam,Crumley,Crimson,5/20/2024
3,Rhonda,Locock,Khaki,6/26/2022
4,Phil,Guiso,Yellow,1/30/2024
5,Ida,Sizland,Pink,9/13/2023
6,Dorris,Whybray,Blue,10/21/2023
7,Cynde,Mathet,Yellow,10/12/2023
8,Dillie,McKeeman,Blue,11/3/2023
9,Cyrillus,Abrahami,Red,10/4/2023
10,Kalila,Danilovic,Yellow,1/4/2025
11,Niccolo,Smitham,Red,3/6/2023
12,Yvon,Bayless,Khaki,2/20/2024
13,Catlin,Ebbin,Turquoise,5/3/2025
14,Kathye,Maidlow,Orange,1/27/2023
15,Sophey,Keigher,Orange,6/25/2023
16,Jarad,Tague,Green,4/20/2024
17,Kendal,Greenslade,Crimson,4/22/2023
18,Laurence,Dorken,Aquamarine,5/31/2023
19,Alonso,Pryde,Purple,12/7/2022
20,Jodi,Philpots,Green,7/15/2024
21,Christel,Ivashkov,Crimson,10/31/2023
22,Winona,Hardbattle,Pink,9/12/2023
23,Melesa,Ridesdale,Teal,7/13/2023
24,Del,Padwick,Puce,5/27/2023
25,Zena,Joberne,Turquoise,11/4/2024
26,Emelen,Tordoff,Purple,9/22/2022
27,Goldie,Petford,Khaki,6/30/2022
28,Lauraine,Struan,Teal,6/4/2024
29,Jacquelin,Capeloff,Maroon,1/16/2025
30,Cynthia,Fraine,Puce,4/24/2025
31,Almeria,O'Lagene,Purple,4/18/2024
32,Odelinda,Philippeaux,Pink,6/28/2024
33,Brande,Joney,Turquoise,2/1/2025
34,Ogdon,Quodling,Indigo,8/4/2024
35,Ted,Digle,Violet,2/19/2023
36,Terrence,Gorvette,Turquoise,12/11/2024
37,Mathilde,O'Shiel,Violet,6/25/2022
38,Korney,Sparling,Goldenrod,3/27/2024
39,Horton,Greenrodd,Fuscia,8/16/2023
40,Sauveur,Rodrigo,Indigo,6/27/2024
41,Leah,Exposito,Red,2/2/2023
42,Torry,Roisen,Indigo,6/20/2023
43,Bendix,Norquoy,Pink,2/17/2025
44,Blisse,Reilingen,Blue,3/23/2024
45,Barbey,Groundwator,Teal,5/24/2023
46,Evonne,Daen,Maroon,3/17/2024
47,Raleigh,Darnody,Goldenrod,8/18/2023
48,Alli,Venable,Maroon,4/5/2024
49,Tina,McCahey,Maroon,6/19/2023
50,Portie,Blaes,Yellow,8/27/2022
51,Paige,Giffard,Indigo,11/19/2024
52,Drusy,Barchrameev,Maroon,11/2/2022
53,Quincy,Hanvey,Crimson,11/17/2024
54,Karine,Chill,Pink,10/16/2024
55,Tim,Rama,Yellow,4/26/2024
56,Ward,Farnon,Khaki,1/2/2023
57,Kristos,Bough,Blue,2/27/2024
58,Slade,Benley,Goldenrod,7/2/2024
59,Aloisia,Rude,Yellow,5/9/2023
60,Booth,Charlson,Turquoise,10/2/2023
61,Rowe,Domange,Green,1/9/2025
62,Cacilia,Janicijevic,Turquoise,3/31/2024
63,Michele,Labitt,Maroon,5/16/2024
64,Addia,St Angel,Orange,6/6/2024
65,Avie,Malam,Violet,3/13/2023
66,Charles,Heustace,Maroon,7/29/2024
67,Patience,Kerss,Turquoise,4/27/2024
68,Dominik,Bocken,Purple,5/15/2023
69,Fabien,Annett,Goldenrod,12/31/2023
70,Eugen,Shervil,Mauv,10/21/2024
71,Harrie,Kepp,Yellow,2/9/2024
72,Nat,Hakking,Aquamarine,4/24/2025
73,Eyde,Hamal,Violet,5/4/2024
74,Haskel,Tonsley,Yellow,7/19/2023
75,Cordell,Howieson,Aquamarine,11/3/2022
76,Raffarty,Daber,Teal,6/9/2022
77,Lorettalorna,Bresson,Khaki,2/28/2025
78,Mufi,Nani,Yellow,3/17/2025
79,Skipp,Rampley,Indigo,9/30/2022
80,Pauletta,Ranvoise,Yellow,1/31/2023
81,Kati,Erwin,Puce,10/5/2024
82,Darda,Ivanishev,Indigo,11/27/2023
83,Jedediah,Ridgewell,Orange,3/13/2024
84,Miltie,Hugland,Blue,8/4/2023
85,Joya,Nassy,Khaki,7/25/2024
86,Odey,Scafe,Turquoise,3/14/2024
87,Amalle,Orrett,Purple,7/19/2023
88,Hewett,Rizzardini,Yellow,7/11/2024
89,Meghan,Lonergan,Teal,11/13/2022
90,Ermengarde,Caberas,Goldenrod,2/2/2024
91,Melina,Webley,Indigo,1/29/2023
92,Augustine,Parramore,Crimson,9/29/2024
93,Margo,January,Indigo,7/25/2022
94,Wells,MacKimm,Mauv,6/2/2023
95,Bradney,Mineghelli,Puce,7/20/2023
96,Georas,Seres,Mauv,9/8/2024
97,Gavrielle,Cordaroy,Puce,1/30/2024
98,Maureen,Caslett,Purple,8/26/2024
99,Alexandros,Bleibaum,Fuscia,11/11/2023
100,Kristien,Bollins,Red,7/12/2022
101,Hartwell,Burfitt,Blue,5/28/2023
102,Waite,Accombe,Puce,5/8/2024
103,Juliana,Faye,Goldenrod,5/20/2023
104,Auberon,Berrie,Orange,12/7/2024
105,Heall,Gerling,Red,2/17/2024
106,Tiffany,Croall,Purple,4/8/2024
107,Britteny,Goundrill,Teal,8/10/2024
108,Sid,Markovic,Indigo,7/20/2022
109,Gene,Killingback,Yellow,10/7/2022
110,Tades,Lippiett,Yellow,4/15/2023
111,Nonnah,Ubank,Red,9/18/2022
112,Siusan,Lampe,Goldenrod,12/8/2023
113,Cherish,Guiver,Crimson,1/30/2025
114,Norine,Blaiklock,Goldenrod,6/8/2022
115,Gilbert,Friend,Violet,10/25/2024
116,Leelah,McNeillie,Khaki,10/28/2023
117,Clair,Kivelle,Red,4/3/2025
118,Lonnie,Knee,Goldenrod,5/10/2025
119,Dionisio,Soloway,Maroon,12/28/2022
120,Eli,Yegoshin,Indigo,8/9/2022
121,Oona,Loweth,Aquamarine,11/1/2023
122,Lizzy,Tomalin,Violet,12/21/2022
123,Keary,Manifield,Red,7/27/2024
124,Marven,Briztman,Yellow,7/1/2022
125,Sigfrid,Avramovic,Puce,4/12/2023
126,Laetitia,Casaletto,Turquoise,1/26/2024
127,Daniela,Ten Broek,Mauv,3/31/2023
128,Tammi,Craig,Red,2/9/2024
129,Guilbert,Rathborne,Goldenrod,4/3/2025
130,Storm,Fisbburne,Orange,12/1/2024
131,Torre,Laxton,Aquamarine,6/28/2023
132,Onofredo,Pearcy,Puce,8/29/2022
133,Birgitta,McGlone,Fuscia,12/8/2022
134,Raff,Yelland,Turquoise,7/27/2022
135,Teddie,Rylatt,Fuscia,11/12/2022
136,Alaster,Canniffe,Crimson,1/13/2025
137,Debbie,Laurie,Crimson,8/18/2022
138,Leelah,Musker,Fuscia,3/21/2024
139,Zenia,Bernardino,Khaki,9/29/2022
140,Enrichetta,Lampett,Maroon,1/2/2024
141,Timothea,Clemits,Goldenrod,4/13/2023
142,Margalo,Storah,Khaki,4/20/2025
143,Wheeler,Jurca,Yellow,6/20/2024
144,Hayward,Aimer,Blue,7/24/2024
145,Alistair,Hyams,Green,2/18/2023
146,Katharyn,Domel,Indigo,5/16/2025
147,Otto,Busse,Pink,7/3/2022
148,Henderson,Pettis,Orange,7/2/2024
149,Colan,Minchinden,Indigo,1/21/2025
150,Bart,Espley,Crimson,2/4/2025
151,Christine,McGaffey,Crimson,3/17/2025
152,Queenie,Baelde,Indigo,7/12/2023
153,Jesse,Smitton,Fuscia,6/15/2023
154,Tracey,Schutze,Violet,6/12/2024
155,Sarine,Sussans,Crimson,10/27/2024
156,Austin,Tratton,Fuscia,4/17/2023
157,Legra,Spragg,Crimson,3/2/2025
158,Maryanne,Dowse,Mauv,1/23/2025
159,Aleece,Mattiussi,Violet,10/6/2023
160,Selene,Girkins,Blue,8/23/2024
161,Mark,Fuzzard,Aquamarine,1/31/2024
162,Letty,Mesant,Blue,3/28/2023
163,Ebonee,Mouatt,Puce,2/15/2024
164,Trista,Berkeley,Turquoise,10/16/2024
165,Milt,Pallis,Red,3/27/2023
166,Asa,Neesam,Indigo,10/25/2024
167,Orelie,Downes,Blue,2/4/2023
168,Annalee,Longbone,Maroon,12/17/2023
169,Teena,Kadd,Mauv,8/18/2022
170,Bunny,Parsley,Yellow,4/22/2024
171,Aprilette,Castella,Maroon,3/25/2023
172,Nilson,Kepp,Fuscia,11/8/2023
173,Donnajean,Goode,Khaki,9/26/2022
174,Raina,Thing,Goldenrod,6/20/2023
175,Spense,Gillings,Red,8/26/2024
176,Delmor,Bonallack,Green,5/29/2022
177,Nate,Rafe,Turquoise,2/1/2024
178,Stanfield,Castilla,Purple,4/19/2025
179,Arther,Slatcher,Puce,11/25/2023
180,Gifford,Breznovic,Maroon,11/10/2024
181,Leticia,Gostall,Violet,8/14/2024
182,Mona,Lempke,Goldenrod,1/12/2023
183,Rois,Jeays,Aquamarine,1/24/2024
184,Valentina,Minelli,Puce,12/20/2023
185,Bethany,Bleddon,Maroon,9/6/2024
186,Chancey,Nelsey,Blue,6/7/2022
187,Ingar,Speachley,Aquamarine,9/27/2024
188,Malva,L'Hommee,Teal,7/11/2024
189,Carine,Carless,Blue,1/25/2024
190,Alistair,Ostrich,Crimson,12/14/2023
191,Odele,Andryunin,Red,6/6/2022
192,Celine,Aspray,Teal,1/17/2025
193,Ransell,Frankom,Puce,4/24/2024
194,Fairlie,Willishire,Yellow,4/2/2025
195,Richmond,Reneke,Pink,7/19/2023
196,Florrie,Walasik,Khaki,1/10/2024
197,Eddy,Burthom,Goldenrod,11/15/2022
198,Carrissa,Brands,Green,8/26/2023
199,Donny,Dimbleby,Blue,4/15/2023
200,Leeann,Dew,Blue,3/18/2023
201,Tedmund,Blakeston,Pink,1/4/2023
202,Darrin,Wall,Aquamarine,10/20/2023
203,Alli,Plaister,Purple,6/28/2022
204,Andris,Quennell,Green,6/4/2022
205,Grayce,Walder,Indigo,8/26/2023
206,Alair,Honack,Maroon,6/3/2022
207,Arlyn,Doorey,Purple,6/30/2022
208,Lindsey,Avery,Aquamarine,3/28/2023
209,Brook,Rollason,Violet,2/29/2024
210,Katuscha,Pickworth,Goldenrod,11/2/2023
211,Ines,Vasilevich,Green,1/27/2023
212,Harlan,Zamorrano,Blue,10/27/2022
213,Ramsay,Corrington,Puce,5/21/2024
214,Bibi,Dabrowski,Fuscia,4/12/2023
215,Vinita,Stener,Maroon,11/17/2022
216,Norton,Ayllett,Turquoise,1/12/2023
217,Lorraine,Harcombe,Aquamarine,12/28/2024
218,Toddy,Jaeggi,Pink,6/10/2023
219,Cherilyn,Coster,Fuscia,6/19/2024
220,Brandtr,MacKinnon,Indigo,6/18/2023
221,Omero,Izkovitch,Goldenrod,8/5/2024
222,Claude,De Cruce,Teal,8/26/2022
223,Gamaliel,Caplan,Mauv,7/23/2023
224,Deeyn,Dymott,Puce,1/15/2024
225,Tremaine,Torpie,Blue,11/22/2023
226,Carina,Eastbury,Khaki,11/30/2024
227,Tish,Dafforne,Mauv,4/28/2025
228,Luisa,Arlott,Crimson,3/23/2024
229,Berte,Derisley,Indigo,8/6/2024
230,Glen,McLenaghan,Aquamarine,12/22/2022
231,Blayne,Leynagh,Fuscia,7/28/2023
232,Jeannie,Siret,Goldenrod,12/6/2023
233,Gae,Kos,Green,8/20/2022
234,Kathie,Atter,Khaki,3/4/2024
235,Robert,Ferrao,Green,7/1/2023
236,Parry,Adamovsky,Red,5/10/2024
237,Nicholas,Beachamp,Teal,3/6/2025
238,Robinetta,Welden,Purple,7/5/2024
239,Barnabas,Stud,Puce,10/23/2023
240,Gradey,Squibe,Crimson,3/29/2025
241,Tibold,Hansbury,Crimson,10/14/2023
242,Opal,Kane,Puce,1/27/2024
243,Miller,Dogerty,Violet,11/6/2024
244,Tadd,Lighton,Mauv,2/12/2024
245,Sandi,Antoniutti,Goldenrod,6/12/2022
246,Benton,Hardiman,Yellow,2/18/2024
247,Sonnie,Darkin,Blue,5/10/2023
248,Rafaelia,Delagua,Fuscia,4/10/2025
249,Aymer,Ashfold,Orange,1/21/2024
250,Linda,Baelde,Aquamarine,6/26/2022
251,Layne,Lievesley,Goldenrod,12/24/2024
252,Venus,Sullivan,Aquamarine,3/18/2023
253,Rochette,Southeran,Purple,5/25/2024
254,Guss,Crosdill,Orange,8/11/2022
255,Neale,Lindblom,Teal,9/29/2023
256,Danielle,Dainty,Maroon,7/14/2024
257,Moishe,Inge,Goldenrod,3/23/2024
258,Tonia,Eronie,Indigo,3/19/2025
259,Blakelee,Cobson,Purple,7/1/2023
260,Gusta,Agglione,Red,4/2/2024
261,Salomo,Paulazzi,Indigo,10/25/2022
262,Ethelred,Burris,Aquamarine,10/6/2022
263,Filmore,Lideard,Blue,2/17/2025
264,Waldon,Scolts,Turquoise,8/17/2023
265,Martina,Cicccitti,Maroon,4/6/2023
266,Goraud,Durrett,Aquamarine,9/1/2024
267,Ardelis,Muncer,Khaki,9/14/2024
268,Jeffrey,Marchello,Green,6/28/2022
269,Jessamyn,Lobell,Puce,8/15/2024
270,Randy,Bremeyer,Yellow,8/26/2024
271,Larissa,Writer,Puce,6/18/2022
272,Dniren,Poynor,Purple,1/28/2025
273,Karena,Heinemann,Pink,5/11/2023
274,Kipp,Leet,Pink,5/17/2022
275,Dun,Tickner,Teal,7/12/2023
276,Hetty,Ambrosini,Khaki,10/6/2022
277,Elva,Leversuch,Red,8/23/2022
278,Tonye,Tylor,Teal,5/27/2023
279,Gunar,Gartenfeld,Puce,12/19/2024
280,Ekaterina,Darton,Violet,10/25/2023
281,Flinn,Bridell,Teal,5/16/2023
282,Chet,Normanvell,Orange,1/1/2024
283,Yvor,Folonin,Maroon,9/14/2023
284,Carlie,Cawker,Yellow,1/5/2023
285,Andra,Lambswood,Orange,8/30/2023
286,Faustina,Hairyes,Mauv,3/17/2024
287,Elyse,Clarridge,Khaki,1/8/2025
288,Kirbee,Trase,Orange,10/4/2024
289,Titus,Jedrasik,Maroon,3/17/2024
290,Melosa,Mobley,Fuscia,2/3/2023
291,Erhart,Spalls,Maroon,7/24/2023
292,Bucky,Stammer,Turquoise,6/3/2023
293,Sandra,Whereat,Teal,9/18/2022
294,Silvano,Guidelli,Maroon,12/26/2024
295,Lorenzo,Bairnsfather,Goldenrod,12/13/2023
296,Jeff,Mackilpatrick,Turquoise,6/13/2023
297,Brendon,Chimenti,Crimson,9/14/2023
298,Karon,Rusk,Goldenrod,5/30/2022
299,Queenie,Cairney,Violet,1/6/2024
300,Tootsie,Cottam,Red,1/24/2025
301,Anabella,Pierce,Green,8/9/2022
302,Antonie,Sell,Red,5/13/2024
303,Jessalin,Geroldi,Teal,11/7/2023
304,Devin,Kingsley,Mauv,7/29/2023
305,Rudie,Frampton,Goldenrod,12/5/2023
306,Benedetto,Camies,Fuscia,11/4/2023
307,Biddie,Grece,Fuscia,8/30/2024
308,Floyd,Lawrence,Teal,6/26/2023
309,Rooney,Schutze,Crimson,6/30/2022
310,Genevra,Connechie,Violet,6/17/2023
311,Adlai,Mauger,Fuscia,11/15/2022
312,Babb,Snelgar,Yellow,12/4/2022
313,Tobias,Marconi,Orange,2/2/2024
314,Colly,Shipway,Yellow,6/18/2024
315,Alair,Duffie,Purple,9/1/2022
316,Imelda,Cominotti,Turquoise,8/12/2024
317,Michelle,Raund,Green,8/20/2023
318,Melodie,Frusher,Green,7/5/2023
319,Codi,Chidley,Violet,5/15/2024
320,Taddeo,Dobrowolski,Indigo,11/22/2022
321,Ida,Bridgwood,Goldenrod,1/1/2023
322,Riobard,Dauney,Yellow,2/10/2023
323,Burch,Waghorn,Mauv,4/24/2025
324,Chauncey,Dowglass,Green,3/24/2025
325,Chiquia,MacKibbon,Goldenrod,9/19/2022
326,Elora,Buney,Orange,4/26/2024
327,Theodora,Jacquet,Violet,1/21/2025
328,Ruy,Blacklawe,Turquoise,1/7/2024
329,Cthrine,Hairsnape,Crimson,3/25/2024
330,Menard,Dagless,Pink,8/16/2023
331,Elisabeth,Currm,Aquamarine,6/4/2022
332,Sandro,Cruce,Blue,7/8/2023
333,Brit,Pozzi,Pink,6/7/2022
334,Wadsworth,Stanway,Aquamarine,10/16/2023
335,Noell,Lessmare,Pink,1/9/2025
336,Jana,Levison,Purple,1/30/2025
337,Concordia,Tudball,Puce,10/18/2022
338,Allyn,Stannah,Violet,1/5/2024
339,King,Agget,Indigo,3/4/2024
340,Aubree,Braune,Green,11/24/2024
341,Roxie,Fawloe,Goldenrod,10/6/2022
342,Anya,Eagle,Turquoise,7/16/2024
343,Susannah,Pesak,Indigo,6/16/2022
344,Zeke,Wigley,Blue,5/3/2025
345,Theressa,Bruckenthal,Goldenrod,8/21/2023
346,Abagael,Sambles,Mauv,12/11/2024
347,Arin,Morpeth,Goldenrod,5/26/2022
348,Evan,Lermit,Turquoise,1/30/2024
349,Randa,Gaven,Maroon,5/21/2022
350,Geoffry,O' Clovan,Turquoise,1/3/2025
351,Luciana,Drowsfield,Indigo,9/28/2022
352,Cornie,Swigger,Blue,6/8/2022
353,Adler,Dy,Fuscia,7/7/2024
354,Amby,Cushe,Orange,12/8/2023
355,Averyl,Wotherspoon,Mauv,7/28/2024
356,Else,Swinglehurst,Aquamarine,1/21/2024
357,Rhoda,Ladell,Mauv,7/23/2024
358,Waite,Peirson,Maroon,3/14/2023
359,Vachel,Lugsdin,Indigo,5/2/2023
360,Marlin,Kohter,Maroon,5/19/2022
361,Mortimer,Walentynowicz,Pink,5/13/2025
362,Ludovico,Moberley,Green,9/7/2023
363,Janifer,Longhorne,Indigo,6/22/2024
364,Cortney,Wilcot,Crimson,8/5/2024
365,Caro,Skews,Purple,12/24/2023
366,Toiboid,Batkin,Blue,4/30/2025
367,Case,Breton,Green,3/22/2024
368,Millie,Penlington,Yellow,11/11/2023
369,Tiler,Langthorne,Fuscia,2/20/2023
370,Valeda,Longworthy,Orange,7/16/2022
371,Karim,Brummell,Aquamarine,4/6/2023
372,Cass,Whitmarsh,Pink,10/16/2023
373,Denys,Dupre,Pink,9/22/2022
374,Ramsey,Inggall,Teal,3/15/2024
375,Ava,Trussman,Goldenrod,7/13/2024
376,Jerrylee,Pilsworth,Red,11/27/2024
377,Herschel,Adrain,Indigo,6/2/2022
378,Fredericka,Nund,Maroon,3/10/2025
379,Morey,Dumbellow,Pink,5/17/2025
380,Griffin,Gresser,Maroon,5/28/2023
381,Fairfax,Yerson,Yellow,7/18/2024
382,Fifi,Minet,Violet,7/16/2022
383,Meredith,Hanbury-Brown,Indigo,3/5/2023
384,Rabbi,Labeuil,Crimson,11/20/2023
385,Minne,Field,Violet,1/17/2023
386,Gayelord,Ber,Goldenrod,10/27/2023
387,Leese,Pochon,Goldenrod,9/2/2023
388,Kym,Orbine,Fuscia,7/30/2024
389,Lindy,Semarke,Green,6/4/2023
390,Stanton,Callan,Purple,6/26/2022
391,Adolpho,Bischop,Fuscia,12/14/2023
392,Cleavland,Ebbers,Khaki,10/4/2023
393,Zedekiah,Brayshay,Khaki,10/31/2022
394,Scarlett,Law,Orange,3/19/2023
395,Percy,Lakey,Teal,11/28/2024
396,Timmi,Torns,Mauv,12/25/2024
397,Bard,Lapham,Indigo,10/2/2024
398,Lyon,Armor,Indigo,5/8/2023
399,Francesco,Shelford,Orange,9/7/2023
400,Gwen,Ganford,Puce,4/5/2023
401,Teressa,Pauel,Maroon,5/13/2024
402,Taber,McEvilly,Mauv,1/25/2024
403,Humberto,Handforth,Khaki,5/3/2023
404,Jami,Dominichelli,Green,5/2/2024
405,Mellie,Searby,Blue,7/27/2022
406,Felecia,Miettinen,Fuscia,8/30/2024
407,Robbyn,Gavaghan,Pink,1/2/2025
408,Jeanette,Friett,Pink,8/2/2022
409,Nikolos,MacGregor,Indigo,3/19/2025
410,Gussi,Yurasov,Goldenrod,2/8/2025
411,Prudence,Antonazzi,Goldenrod,9/1/2022
412,Frayda,Collimore,Red,6/4/2024
413,Domenic,Haly,Pink,3/31/2025
414,Vince,Waistell,Green,6/30/2024
415,Marylee,Mayger,Maroon,4/24/2025
416,Rudd,Flieg,Pink,2/10/2023
417,Elden,Locker,Aquamarine,1/11/2025
418,Emmery,Gronw,Orange,5/14/2023
419,Phyllis,Collopy,Goldenrod,8/7/2024
420,Ginni,Hagger,Crimson,3/12/2025
421,Ephrem,Reynoldson,Puce,8/1/2022
422,Tori,Nellen,Purple,12/23/2022
423,Axel,Whate,Fuscia,3/12/2024
424,Angelico,Harrington,Blue,5/16/2022
425,Toddy,Hampshire,Green,10/27/2023
426,Bonnie,Keinrat,Fuscia,2/29/2024
427,Aurthur,Risom,Red,2/6/2023
428,Jessika,Ottey,Aquamarine,4/22/2024
429,Verine,Stoakley,Red,1/10/2023
430,Mariel,Copo,Violet,4/8/2024
431,Omar,Madge,Puce,4/3/2023
432,Donovan,Rhead,Blue,4/23/2024
433,Madel,Heatlie,Red,1/13/2024
434,Ardys,Romer,Maroon,12/2/2024
435,Dave,Bompas,Pink,12/20/2022
436,Ludvig,Dominichelli,Turquoise,2/5/2023
437,Jeth,Switland,Green,2/24/2023
438,Rourke,Maharry,Teal,2/11/2024
439,Wain,Warburton,Red,5/5/2025
440,Blondelle,Boundey,Mauv,11/19/2022
441,Vidovic,O'Hearn,Mauv,1/17/2023
442,Wilhelm,Sergant,Teal,12/31/2024
443,Davie,Dullaghan,Red,2/24/2023
444,Clarine,Lagden,Green,10/17/2024
445,Corrine,Weinmann,Mauv,8/24/2023
446,Hurley,Shrieve,Purple,8/14/2022
447,Zachery,Fearnill,Goldenrod,11/30/2024
448,Flss,McGiveen,Puce,2/8/2024
449,Constanta,Pesik,Crimson,3/29/2023
450,Jenilee,Corragan,Pink,5/31/2023
451,Aluino,Delgaty,Fuscia,9/26/2023
452,Blaire,Piesold,Orange,9/24/2024
453,Glen,MacTurlough,Maroon,8/15/2022
454,Paulie,Brummell,Fuscia,1/18/2024
455,Salvidor,Cogger,Teal,1/21/2025
456,Lauri,Gonsalvez,Crimson,2/10/2024
457,Alexis,Glayzer,Pink,2/23/2025
458,Wallie,Michin,Aquamarine,11/30/2022
459,Morton,Crampin,Violet,7/3/2024
460,Fenelia,Meriott,Maroon,2/19/2025
461,Stanislaus,Battisson,Pink,6/23/2023
462,Aguie,Hirjak,Red,4/23/2023
463,Abel,Hearnshaw,Mauv,8/11/2022
464,Cammy,Rosenfeld,Red,7/25/2022
465,Asher,Charkham,Orange,5/7/2025
466,Melanie,Laughren,Puce,6/19/2024
467,Barrie,Antoniottii,Violet,2/10/2023
468,Maire,Martinie,Maroon,2/11/2024
469,Lilia,Ioselev,Puce,1/7/2024
470,Willdon,Lofts,Turquoise,7/18/2022
471,Kalvin,Whieldon,Maroon,2/24/2024
472,Susanne,Sherbrook,Maroon,1/21/2025
473,Wayland,Garmey,Fuscia,8/6/2023
474,Sauveur,Dachs,Violet,1/9/2025
475,Blaine,Sharnock,Puce,12/16/2022
476,Calhoun,Clear,Khaki,12/8/2024
477,Tracy,MacFarlan,Crimson,4/3/2023
478,Allegra,Wraxall,Indigo,11/14/2023
479,Ardyth,Farney,Crimson,6/7/2022
480,Eilis,Van der Mark,Turquoise,6/28/2023
481,Roi,Reidshaw,Green,2/5/2025
482,Georgi,Szantho,Purple,4/5/2025
483,Lester,McKern,Yellow,4/24/2023
484,Gretta,Craydon,Yellow,6/20/2023
485,Aleda,Drydale,Blue,2/12/2023
486,Katheryn,Hitzmann,Mauv,8/17/2024
487,Adrienne,Mealham,Purple,1/9/2024
488,Leupold,Oiller,Pink,10/6/2024
489,Fenelia,Denys,Yellow,10/8/2023
490,Friederike,Van den Velde,Yellow,7/19/2023
491,Nikolaos,McMylor,Puce,6/26/2022
492,Belia,Dilawey,Crimson,9/5/2022
493,Margo,Matskiv,Indigo,7/3/2022
494,Roanna,Hucklesby,Purple,6/1/2022
495,Elladine,Ferrieres,Purple,1/24/2025
496,Reina,Cushion,Blue,2/17/2024
497,Edith,Raddish,Teal,6/23/2023
498,Darryl,Sighard,Mauv,5/19/2024
499,Norah,Peasgood,Maroon,5/3/2023
500,Gustav,Maevela,Crimson,8/1/2024
501,Cristin,Dedham,Maroon,4/8/2025
502,Helli,Souten,Yellow,4/15/2023
503,Donnie,Spikeings,Indigo,12/9/2023
504,Ericka,Brunelli,Purple,10/9/2024
505,Killie,Towndrow,Indigo,10/30/2023
506,Amara,Kingdom,Yellow,2/20/2024
507,Henrik,Roadnight,Mauv,12/24/2023
508,Claudell,Vallery,Blue,6/18/2022
509,Deva,Nesbeth,Puce,3/3/2025
510,Ninnette,Danson,Crimson,8/6/2023
511,Wes,Scimoni,Indigo,11/3/2022
512,Luz,Zavittieri,Aquamarine,10/21/2024
513,Lyndel,Moxon,Crimson,1/20/2025
514,Kerrill,Wedlock,Orange,11/11/2024
515,Ulrike,Coultar,Mauv,10/4/2024
516,Leeanne,Hurrion,Fuscia,4/15/2025
517,Garret,Morsley,Fuscia,5/17/2024
518,Codi,Ryland,Goldenrod,10/10/2023
519,Woody,Adds,Indigo,2/29/2024
520,Kyla,Roubottom,Yellow,10/19/2022
521,Cody,Bolesworth,Puce,7/22/2023
522,Caty,O'Grada,Blue,10/30/2024
523,Cesya,Tunney,Maroon,11/1/2023
524,Devin,Becconsall,Blue,2/7/2025
525,Wilbur,Dunston,Goldenrod,5/9/2024
526,Seamus,Lengthorn,Fuscia,9/18/2024
527,Cy,Boyack,Blue,12/16/2024
528,Giorgio,Beggio,Green,4/23/2023
529,Evelyn,Hovel,Crimson,8/11/2023
530,Leisha,Learie,Turquoise,5/9/2025
531,Mufi,Hourstan,Maroon,1/30/2024
532,Zsa zsa,Beranek,Red,11/14/2024
533,Debra,Towne,Turquoise,5/22/2023
534,Anselma,Inkin,Maroon,2/1/2023
535,Bendicty,Presnall,Orange,12/28/2022
536,Javier,Minto,Aquamarine,8/13/2024
537,Nat,Jan,Orange,4/16/2024
538,Jacklin,Harmer,Violet,6/9/2022
539,Ansley,Hirtzmann,Mauv,1/19/2023
540,Stesha,Feldbrin,Goldenrod,3/15/2023
541,Tine,Farrah,Blue,4/4/2023
542,Tuesday,Sapir,Blue,6/5/2022
543,Susannah,Cowing,Khaki,10/29/2023
544,Matthiew,Durtnall,Blue,10/17/2023
545,Constancy,Mantrup,Teal,1/29/2023
546,Sondra,Dorant,Maroon,12/3/2024
547,Rea,Doward,Aquamarine,3/12/2023
548,Andriette,Scougall,Green,12/28/2023
549,Ysabel,Satford,Blue,7/24/2023
550,Pennie,Petrecz,Violet,12/25/2024
551,Tootsie,Lehrian,Indigo,11/9/2022
552,Raimondo,Stillert,Mauv,3/5/2024
553,Colette,Lomansey,Aquamarine,1/2/2024
554,Willamina,Fenelon,Pink,4/1/2024
555,Beatriz,Boynton,Crimson,5/12/2024
556,Jamima,Caston,Green,1/12/2025
557,Flossy,Benne,Indigo,4/5/2025
558,Aura,De Brett,Teal,5/1/2023
559,Timi,Daffey,Yellow,2/26/2023
560,Tyler,Andriesse,Turquoise,10/21/2023
561,Nolly,Snodin,Yellow,8/13/2024
562,Lelia,Neame,Green,1/3/2025
563,Breena,Quesne,Green,6/25/2022
564,Chrisy,Simnell,Teal,11/3/2024
565,Edita,Abramowitch,Pink,12/18/2023
566,Alecia,Bolus,Violet,7/15/2022
567,Robbyn,Polkinghorne,Maroon,10/21/2024
568,Web,Ramet,Yellow,9/1/2024
569,Emmerich,Pearne,Puce,9/5/2024
570,Kalle,Roglieri,Purple,5/8/2023
571,Milli,Phuprate,Blue,1/8/2023
572,Jeane,Dinis,Green,6/18/2022
573,Horatio,Hirschmann,Turquoise,7/19/2022
574,Duncan,Levane,Yellow,1/1/2023
575,Kathrine,Blockley,Maroon,10/10/2022
576,Giacobo,Nissle,Yellow,9/21/2024
577,Margery,Wyllie,Turquoise,9/20/2024
578,Gilburt,Raffles,Khaki,10/4/2023
579,Josey,Hurtado,Yellow,4/21/2023
580,Rosalinda,Gosby,Blue,1/17/2024
581,Louie,Hourihane,Indigo,9/30/2024
582,Bendix,Croxton,Purple,7/20/2023
583,Tull,Attenbrow,Maroon,2/1/2025
584,Eldredge,Plumstead,Teal,6/5/2023
585,Arabel,Flamank,Blue,3/21/2023
586,Marquita,Rosenbarg,Purple,7/29/2023
587,Farrand,Grishenkov,Green,12/7/2023
588,Jaime,Redish,Green,1/12/2024
589,Claudia,Suthworth,Teal,11/17/2023
590,Erasmus,Sesser,Indigo,12/3/2022
591,Oliy,Adamczewski,Yellow,4/2/2025
592,Alexandre,Butler,Purple,1/12/2024
593,Reggy,Giacobilio,Turquoise,7/19/2024
594,Jamey,Aspey,Red,5/11/2023
595,Colver,Trudgeon,Aquamarine,6/14/2024
596,Roi,Brayfield,Purple,2/18/2024
597,Arvy,Massen,Blue,12/10/2024
598,Hamilton,Stollenbecker,Aquamarine,9/22/2023
599,Silvie,Dyke,Red,11/7/2023
600,Brittan,Strettle,Orange,8/5/2024
601,Maryjo,Lebreton,Purple,10/13/2024
602,Brittne,Kellen,Goldenrod,6/4/2024
603,Beverlee,Sandlin,Mauv,10/20/2022
604,Adela,Lattimer,Mauv,2/8/2025
605,Jarid,Goschalk,Violet,3/11/2025
606,Kylila,Howton,Khaki,4/25/2025
607,Brigida,Spinetti,Pink,3/16/2024
608,Morna,Yushkov,Maroon,7/11/2023
609,Diane-marie,Brittin,Aquamarine,7/26/2024
610,Willow,Paulucci,Violet,11/11/2022
611,Elsworth,Waliszek,Teal,6/22/2024
612,Cary,Cruddace,Indigo,10/26/2023
613,Tabb,Brocks,Aquamarine,11/6/2024
614,Renie,Eldin,Crimson,8/11/2022
615,Bayard,O'Heagertie,Crimson,11/13/2022
616,Ber,Cristol,Mauv,7/17/2024
617,Layla,Evesque,Red,7/31/2023
618,Cristen,Stuck,Green,12/14/2023
619,Tremayne,Howen,Maroon,10/4/2023
620,Minette,Tuftin,Violet,4/14/2025
621,Sena,Brazenor,Teal,1/11/2025
622,Egan,Bosden,Goldenrod,6/17/2023
623,Rozelle,Tejero,Khaki,3/14/2023
624,Traver,Andor,Goldenrod,8/30/2024
625,Raeann,Osgordby,Fuscia,5/4/2023
626,Brook,Alexsandrov,Puce,12/3/2024
627,Fayette,Hethron,Yellow,12/10/2023
628,Pearle,Adam,Goldenrod,12/4/2023
629,Dacie,Hanes,Violet,7/19/2023
630,Clementina,Loade,Mauv,9/18/2024
631,Nickolaus,Culham,Maroon,9/14/2022
632,Arnuad,Girsch,Red,10/23/2024
633,Gwendolyn,Jouhandeau,Red,3/13/2025
634,Sanders,Bullin,Teal,11/26/2022
635,Bondie,Salvidge,Green,5/23/2023
636,Sim,Copes,Crimson,4/19/2025
637,Carmella,Sperring,Pink,12/30/2023
638,Putnem,Gras,Red,1/21/2023
639,Bella,Minister,Purple,2/22/2023
640,Nedda,Talks,Yellow,11/24/2023
641,Miltie,Rackam,Goldenrod,10/14/2022
642,Rolland,Lugsdin,Blue,6/15/2024
643,Kassi,Drummer,Purple,9/27/2022
644,Kissie,Frears,Yellow,4/15/2025
645,Hershel,Spurret,Fuscia,3/29/2023
646,Enid,Janowicz,Mauv,9/9/2022
647,Pepita,Cregg,Violet,6/7/2024
648,Venita,Cramond,Indigo,6/13/2024
649,Emelina,O'Meara,Yellow,12/9/2023
650,Gregor,Assante,Puce,11/7/2024
651,Bobby,Vasilevich,Turquoise,5/24/2023
652,Denise,Dyne,Violet,2/20/2024
653,Dorella,Bottelstone,Orange,12/21/2023
654,Ker,Klausen,Crimson,2/20/2023
655,Tedmund,Buttler,Yellow,1/14/2025
656,Allix,Neward,Orange,5/3/2023
657,Maurise,Purveys,Blue,4/23/2023
658,Gayle,Hebblewhite,Aquamarine,6/7/2023
659,Sayre,Paxforde,Blue,8/6/2022
660,Mahala,Harborow,Red,1/11/2023
661,Jennifer,Atwell,Red,5/9/2025
662,Trina,Flegg,Yellow,3/5/2025
663,Bil,Brightie,Turquoise,9/25/2022
664,Randi,Bontein,Crimson,8/23/2023
665,Trumaine,Rimell,Goldenrod,8/11/2023
666,Ariel,Vasyaev,Turquoise,4/10/2024
667,Zita,Lewsy,Maroon,7/19/2024
668,Callean,Branni,Teal,5/14/2023
669,Cordy,Sachno,Blue,9/18/2024
670,Sonnie,Paulley,Turquoise,5/16/2024
671,Aile,Whitland,Violet,2/22/2023
672,Yolande,De Bruyne,Purple,3/11/2025
673,Ernie,Absolon,Khaki,5/24/2022
674,Petr,Grund,Orange,8/2/2022
675,Elana,Canada,Green,1/27/2024
676,Brad,Westfield,Pink,8/24/2022
677,Jarrad,Shackell,Violet,9/28/2024
678,Perrine,Soughton,Khaki,2/9/2023
679,Marna,Gorman,Maroon,5/7/2024
680,Morry,Greenhall,Green,11/4/2024
681,Buck,Gingles,Puce,1/2/2024
682,Lily,Alexandersen,Yellow,10/26/2023
683,Fabe,Ogley,Turquoise,10/23/2022
684,Vernon,McCague,Pink,11/3/2022
685,Sharla,Meeke,Fuscia,4/23/2024
686,Thomasina,O'Sullivan,Turquoise,11/16/2023
687,Gertie,Bliven,Maroon,7/13/2022
688,Bennett,Philbin,Goldenrod,11/5/2023
689,Corrina,Lathan,Mauv,9/22/2023
690,Nessie,Wewell,Goldenrod,12/26/2024
691,Robby,Rubi,Crimson,8/25/2024
692,Janenna,Horsley,Goldenrod,10/26/2023
693,Aeriel,Lusgdin,Orange,3/27/2023
694,Merissa,Karmel,Blue,12/16/2022
695,Derrek,Clawson,Violet,11/2/2022
696,Mattie,Auden,Khaki,5/1/2023
697,Antonella,Garriock,Puce,9/13/2023
698,Ambrose,Osgerby,Mauv,8/10/2023
699,Eleanor,Gosnay,Red,1/7/2025
700,Loren,Tease,Teal,10/2/2024
701,Maddi,Stenton,Blue,1/26/2023
702,Dirk,Densie,Pink,6/26/2022
703,Liesa,Giovannilli,Crimson,2/5/2023
704,Aleece,Lochrie,Crimson,1/13/2024
705,Fredra,Faragher,Indigo,12/11/2022
706,Moria,Caselli,Teal,3/24/2023
707,Ichabod,McGruar,Goldenrod,11/6/2024
708,Adoree,Tompkiss,Red,1/13/2023
709,Cecily,Lawson,Mauv,12/18/2024
710,Alina,Phillimore,Maroon,12/10/2022
711,Bab,Ecclesall,Turquoise,9/19/2023
712,Almira,Ferrone,Teal,2/23/2025
713,Simonette,Earry,Turquoise,1/25/2023
714,Lyon,Grigoire,Red,4/14/2023
715,Neilla,Gorvette,Yellow,9/13/2022
716,Boot,Norquoy,Yellow,6/30/2024
717,Portia,Beebe,Khaki,8/7/2023
718,Lita,McArtan,Turquoise,10/14/2024
719,Jedd,Calafato,Aquamarine,6/16/2024
720,Barbabas,Betton,Crimson,10/16/2023
721,Tersina,O'Shevlin,Mauv,8/28/2022
722,Hurley,Ritter,Green,1/10/2025
723,Max,Whittle,Violet,6/24/2022
724,Ralph,Burgott,Goldenrod,11/21/2023
725,Jess,Sudy,Crimson,6/27/2024
726,Jacquenetta,Kobierzycki,Orange,12/16/2024
727,Ketti,Iamittii,Blue,6/16/2023
728,Rubia,Northcliffe,Puce,12/23/2023
729,Ginger,Choppen,Crimson,3/11/2024
730,Kassia,Getley,Teal,12/24/2024
731,Celestyn,Sebley,Green,10/30/2024
732,Reena,Hargrove,Orange,4/1/2024
733,Glenna,Ramshay,Crimson,2/7/2024
734,Katti,Hitscher,Orange,11/9/2023
735,Karalee,Mabon,Teal,12/16/2023
736,Hildagarde,Sewards,Orange,1/19/2024
737,Hatty,Petken,Blue,1/23/2023
738,Roderick,Gally,Teal,1/27/2025
739,Garfield,Laguerre,Aquamarine,8/18/2023
740,Morgen,Crone,Khaki,8/8/2024
741,Saree,Hawton,Mauv,5/17/2024
742,Kathie,Cornthwaite,Purple,7/1/2023
743,Eadmund,Yesenev,Crimson,5/16/2024
744,Arri,China,Crimson,5/26/2022
745,Kira,Blackesland,Yellow,9/1/2022
746,Cheryl,Holdron,Violet,8/12/2022
747,Anjela,Barok,Puce,12/6/2024
748,Woodman,Jordison,Maroon,10/27/2023
749,Jerrie,Dowty,Maroon,9/16/2022
750,Siouxie,Downton,Violet,9/1/2024
751,Blinny,Waren,Goldenrod,3/1/2025
752,Cord,Loeber,Crimson,1/27/2024
753,Doralynn,Leimster,Purple,3/17/2023
754,Janelle,Jakubovits,Khaki,5/13/2023
755,Calley,Sherewood,Khaki,7/12/2023
756,Malynda,Stoven,Aquamarine,4/3/2024
757,Darcy,Boichat,Pink,4/30/2025
758,Roda,Abbets,Yellow,8/16/2023
759,Glenn,Cogzell,Turquoise,4/8/2024
760,Hewitt,Marczyk,Green,11/3/2023
761,Bess,Wagge,Teal,5/2/2025
762,Lianna,Hoffmann,Orange,2/5/2024
763,Augustina,Bromby,Yellow,5/3/2025
764,Gwyneth,Heineking,Teal,1/22/2024
765,Borden,Di Dello,Violet,10/23/2023
766,Nanny,Bowden,Aquamarine,8/30/2022
767,Husain,Marusyak,Pink,3/28/2025
768,Berky,Leyton,Green,11/3/2024
769,Reider,Fautly,Indigo,10/30/2024
770,Niven,Evers,Purple,3/9/2025
771,Cindi,Bendix,Crimson,7/3/2023
772,Lucretia,Stegers,Blue,6/27/2022
773,Justinian,McCarry,Yellow,5/26/2024
774,Timofei,Mouget,Orange,1/21/2023
775,Ethelda,Tremmil,Fuscia,10/28/2023
776,Hali,Zeal,Blue,2/29/2024
777,Kelwin,Stean,Fuscia,12/26/2022
778,Shayne,Georgot,Indigo,5/13/2023
779,Arlee,Anstiss,Fuscia,9/6/2023
780,Harman,Dunklee,Teal,7/14/2022
781,Edita,O'Heneghan,Red,8/15/2022
782,Cristina,Meneely,Mauv,5/2/2024
783,Hewet,Mulvaney,Goldenrod,7/3/2022
784,Dyanna,Vanstone,Maroon,7/11/2022
785,Stafani,Hattoe,Orange,9/3/2024
786,Ignacius,Aspray,Khaki,6/5/2024
787,Tiebold,Zanni,Turquoise,10/11/2022
788,Findley,Ollivier,Crimson,12/8/2023
789,Gar,McInnes,Violet,6/6/2024
790,Yank,Shanley,Violet,11/12/2022
791,Jackquelin,Danilchik,Puce,12/24/2023
792,Fowler,Helwig,Goldenrod,12/26/2023
793,Ignaz,Moxom,Turquoise,4/18/2024
794,Nancy,Butterworth,Crimson,10/15/2023
795,Brittani,Janik,Indigo,6/14/2022
796,Lynda,Goomes,Mauv,3/8/2025
797,Zorine,O'Looney,Crimson,3/6/2024
798,Jillane,Rachuig,Violet,9/2/2023
799,Wynne,Grewcock,Teal,10/6/2022
800,Nealon,Keyson,Blue,11/7/2022
801,Alanah,Moulsdall,Red,1/6/2024
802,Nico,Whetton,Violet,7/17/2024
803,Mohandis,Haken,Yellow,1/8/2024
804,Seth,Bertram,Teal,4/24/2023
805,Christan,Gregore,Purple,7/31/2024
806,Dona,Ferrarone,Yellow,5/18/2022
807,Jan,Comer,Khaki,5/23/2023
808,Christabel,Robinson,Green,1/20/2025
809,Giuditta,Larkins,Yellow,5/19/2023
810,Clo,Allison,Teal,4/26/2024
811,Janey,Thew,Yellow,7/15/2022
812,Harriot,Edmonson,Goldenrod,1/26/2023
813,Joeann,Wisdom,Aquamarine,3/12/2024
814,Jacky,MacFarlane,Red,5/22/2024
815,Hobart,MacIntyre,Puce,6/28/2024
816,Onida,Kluss,Pink,7/5/2024
817,Lambert,Hyett,Puce,8/15/2023
818,Antonietta,Gravenell,Green,11/26/2023
819,Simona,Hanscom,Goldenrod,3/20/2024
820,Anica,Kees,Purple,12/12/2023
821,Allie,Merryweather,Mauv,6/4/2024
822,Orville,Flecknoe,Turquoise,9/10/2023
823,Kala,Vanini,Mauv,3/7/2024
824,Rosemarie,Freak,Mauv,4/30/2024
825,Lowrance,Poat,Fuscia,1/26/2024
826,Layne,Straughan,Aquamarine,2/21/2023
827,Rozele,Tonry,Aquamarine,4/28/2024
828,Peterus,Skitterel,Orange,8/7/2023
829,Meade,Tanton,Pink,5/1/2024
830,Johannah,Kalkofer,Orange,12/7/2022
831,Sorcha,Pepi,Maroon,1/25/2024
832,Gibby,Brunesco,Purple,11/27/2022
833,Barrie,Charrington,Blue,12/18/2024
834,Raffarty,Simmen,Orange,5/6/2024
835,Juana,Tydeman,Goldenrod,7/27/2022
836,Amble,Keyme,Teal,5/15/2025
837,Sibeal,Caen,Violet,10/28/2022
838,Nev,Espie,Yellow,12/20/2022
839,Falkner,Sargint,Teal,11/1/2022
840,Ossie,Dyshart,Yellow,4/30/2023
841,Val,Currall,Aquamarine,8/28/2023
842,Rachelle,Naerup,Turquoise,8/30/2024
843,Evan,Sprowell,Purple,8/9/2022
844,Trescha,Crichten,Turquoise,11/23/2024
845,Guthrey,De Cruce,Khaki,5/24/2024
846,Consuelo,Emburey,Yellow,8/31/2023
847,Brander,O' Faherty,Maroon,11/25/2024
848,Chrissie,Cressy,Blue,6/10/2022
849,Skylar,Liepins,Red,4/6/2023
850,Hermie,Trayte,Pink,7/16/2022
851,Laetitia,Brocks,Crimson,9/18/2024
852,Miller,Becerra,Fuscia,11/14/2023
853,Margarette,Borzone,Puce,9/4/2024
854,Ailbert,Bergin,Maroon,12/17/2023
855,Orelle,Field,Violet,5/2/2025
856,Melania,Moodey,Aquamarine,2/4/2023
857,Justinn,Selbie,Aquamarine,7/6/2022
858,Deva,Provis,Purple,7/5/2023
859,Helene,Blue,Turquoise,6/24/2023
860,Ginnie,Aleksich,Green,11/23/2024
861,Becki,Hartgill,Puce,6/18/2024
862,Che,Reglar,Teal,2/24/2024
863,Amity,Kubyszek,Purple,1/7/2023
864,Garret,Henriet,Khaki,2/9/2025
865,Olvan,Trengove,Goldenrod,3/19/2023
866,Herculie,Jereatt,Aquamarine,10/23/2023
867,Shirley,MacDonogh,Purple,5/11/2023
868,Rudy,Janosevic,Crimson,9/26/2024
869,Saunders,McCourt,Violet,3/22/2025
870,Deb,Falkner,Yellow,3/9/2025
871,Justus,McGenis,Maroon,2/6/2023
872,Atlanta,Balnave,Mauv,2/22/2024
873,Montgomery,Holah,Khaki,12/12/2024
874,Abner,Aldham,Puce,1/5/2023
875,Adamo,Kubista,Teal,2/20/2025
876,Martguerita,Kealey,Puce,6/5/2024
877,Adeline,Sherrington,Mauv,5/22/2023
878,Sheelagh,Hegge,Purple,10/1/2024
879,Cobb,Butting,Maroon,4/21/2023
880,Adolphus,Cambridge,Maroon,8/18/2024
881,Aloin,Gerrill,Blue,8/3/2022
882,Nathanael,Bandey,Fuscia,1/10/2023
883,Fionna,Darke,Turquoise,6/11/2024
884,Davina,Dobsons,Fuscia,12/25/2023
885,Dionne,Abramovitch,Yellow,7/9/2024
886,Evyn,Farnorth,Orange,6/25/2023
887,Monroe,Gemmell,Orange,6/11/2022
888,Sada,Arrowsmith,Violet,6/10/2024
889,Inger,Crowcher,Turquoise,6/22/2023
890,Tabby,Bowne,Orange,12/2/2023
891,Benny,Harkess,Khaki,9/1/2024
892,Naoma,Rubinovitsch,Violet,7/21/2023
893,Denny,Fruser,Teal,6/23/2024
894,Radcliffe,Amburgy,Mauv,5/25/2023
895,Gaynor,Birrane,Pink,1/15/2025
896,Carline,Warlowe,Fuscia,9/16/2022
897,Maisie,Medway,Crimson,7/4/2024
898,Doralyn,Palleske,Turquoise,4/22/2024
899,Fletch,Featenby,Blue,3/15/2023
900,Lida,Byars,Violet,5/2/2024
901,Genni,O'Cooney,Blue,11/24/2023
902,Chaddy,Tosdevin,Fuscia,2/27/2025
903,Chadwick,Holley,Turquoise,3/2/2025
904,Appolonia,Acum,Purple,6/28/2024
905,June,Blakebrough,Pink,10/29/2024
906,Dori,Marran,Goldenrod,5/16/2023
907,Timoteo,Rathbourne,Red,2/7/2024
908,Dalenna,Brunton,Turquoise,11/9/2022
909,Karrie,Bruyett,Green,3/27/2025
910,Domingo,Shaddock,Blue,12/20/2024
911,Rivalee,Quirke,Indigo,5/31/2022
912,Nevsa,Coopman,Green,2/15/2024
913,Andonis,Forrest,Goldenrod,6/11/2024
914,Smitty,Dearlove,Crimson,12/7/2024
915,Shelagh,Bergeau,Maroon,1/2/2023
916,Gerty,Blazejewski,Turquoise,4/23/2024
917,Cesare,Kinghorne,Green,12/30/2024
918,Mathilde,Andrus,Khaki,9/12/2023
919,Eal,McGilben,Puce,12/9/2023
920,Doralia,Ferguson,Violet,4/27/2024
921,Riobard,Reisenberg,Green,4/16/2025
922,Ewen,Costellow,Maroon,11/13/2022
923,Carlynn,Baldini,Fuscia,9/18/2024
924,Justus,Cowpertwait,Maroon,11/1/2023
925,Erica,Sellan,Purple,8/15/2023
926,Inge,Tift,Khaki,12/28/2024
927,Klara,O'Lagen,Mauv,5/23/2022
928,Ardith,Flamank,Fuscia,9/18/2022
929,Walsh,McLukie,Pink,2/8/2023
930,Quinton,Coate,Violet,4/23/2025
931,Melvyn,Trusler,Fuscia,1/20/2023
932,Easter,Coda,Violet,7/20/2023
933,Don,Caton,Khaki,8/16/2023
934,Cleopatra,Tubbs,Purple,8/12/2024
935,Gabrila,Edelston,Green,7/15/2022
936,Nicolis,Decort,Green,11/16/2024
937,Nicki,Walkden,Indigo,5/17/2022
938,Trina,Grimsley,Khaki,5/29/2022
939,Emilee,Ingle,Maroon,5/13/2025
940,Iver,Wayper,Turquoise,5/19/2022
941,Tootsie,Gerrans,Maroon,5/18/2022
942,Boyd,Caltera,Maroon,9/24/2023
943,Moishe,Frood,Aquamarine,7/10/2023
944,Bren,Volker,Blue,8/3/2022
945,Dory,Crewes,Pink,5/8/2023
946,Abigael,O'Corr,Pink,4/28/2025
947,Katie,Frisel,Khaki,12/12/2024
948,Annecorinne,Lufkin,Red,1/5/2025
949,Harri,Lushey,Red,9/8/2024
950,Gabriella,Jezzard,Puce,10/17/2024
951,Rene,Moores,Orange,8/5/2024
952,Delmore,Dericot,Violet,5/23/2023
953,Doria,Blick,Maroon,12/6/2023
954,Pat,Leonarde,Goldenrod,11/23/2024
955,Jeri,Ruskin,Goldenrod,12/17/2022
956,Rufe,Whiteway,Red,7/29/2024
957,Addie,Argabrite,Yellow,11/9/2024
958,Lucky,Whittleton,Teal,10/17/2023
959,Flossy,Lorans,Aquamarine,2/17/2024
960,Pietrek,Ogdahl,Purple,10/22/2023
961,Adriena,Ramalho,Goldenrod,12/5/2024
962,Wilbur,Waddie,Khaki,1/21/2023
963,Analise,Samsin,Crimson,7/28/2023
964,Tracie,Moakson,Turquoise,10/4/2023
965,Immanuel,Asaaf,Violet,10/25/2024
966,Arel,Dagworthy,Violet,5/11/2024
967,Gabbie,Molines,Teal,8/6/2022
968,Ninnetta,Halle,Red,3/5/2023
969,Annis,Davis,Teal,2/9/2023
970,Thalia,Louche,Puce,6/8/2024
971,Sileas,Broxton,Mauv,8/27/2024
972,Demetrius,Pullan,Khaki,12/18/2024
973,Johannes,Talton,Turquoise,11/30/2023
974,Billie,Saw,Indigo,6/20/2022
975,Liza,Iliffe,Orange,6/21/2023
976,Cally,Ottawell,Violet,3/1/2024
977,Else,Summerfield,Aquamarine,8/13/2024
978,Wald,Luberti,Green,11/2/2023
979,Madeleine,Domesday,Goldenrod,5/7/2025
980,Arabelle,Banfield,Goldenrod,3/25/2024
981,Adrienne,Gardiner,Green,7/15/2023
982,Hilary,Enos,Puce,12/3/2022
983,Jobyna,Moxson,Fuscia,7/17/2023
984,Inge,McKleod,Puce,10/18/2024
985,Cal,Clowes,Green,11/12/2022
986,Jackie,Farrow,Puce,8/7/2022
987,Giovanna,Lydford,Yellow,7/15/2024
988,Alma,Capp,Crimson,6/21/2023
989,Mariette,Arlow,Violet,12/29/2024
990,Deborah,Longhorne,Crimson,11/28/2024
991,Barry,Stebbings,Teal,6/16/2023
992,Ellary,Levane,Khaki,11/26/2024
993,Erda,Binnion,Pink,7/9/2022
994,Gun,Faill,Turquoise,6/26/2022
995,Jilleen,Izakof,Mauv,8/14/2024
996,Jade,Tipler,Purple,5/24/2023
997,Ambrosi,Ackred,Aquamarine,8/23/2024
998,Fabe,O'Mara,Green,7/23/2023
999,Salomo,Gammack,Pink,5/14/2023
1000,Quent,Tinston,Goldenrod,1/29/2025
